employee_id,first_name,last_name,email,store_id,role,hire_date,salary
EMP0001,Pamela,Sanchez,PamelaSanchez@meridianpharma.com,DC023,Logistics Coordinator,6/21/2016,58418.94
EMP0002,James,Lee,JamesLee@meridianpharma.com,DC011,Store Manager,9/29/2015,62924.47
EMP0003,Susan,Lopez,SusanLopez@meridianpharma.com,DC012,Pharmacist Liaison,10/8/2020,69751.09
EMP0004,Ryan,Morgan,RyanMorgan@meridianpharma.com,DC013,Cashier,3/11/2020,34294.05
EMP0005,George,Kelly,GeorgeKelly@meridianpharma.com,DC003,Sales Associate,6/1/2021,48347.75
EMP0006,David,Robinson,DavidRobinson@meridianpharma.com,DC013,Store Manager,2/1/2019,72929.29
EMP0007,Deborah,Rivera,DeborahRivera@meridianpharma.com,DC009,Cashier,10/31/2020,38600.73
EMP0008,Ashley,Lee,AshleyLee@meridianpharma.com,DC009,Shift Supervisor,9/5/2021,45284.45
EMP0009,Linda,Robinson,LindaRobinson@meridianpharma.com,DC011,Logistics Coordinator,1/1/2017,50643.63
EMP0010,Larry,Green,LarryGreen@meridianpharma.com,DC016,Logistics Coordinator,12/3/2023,67865.32
EMP0011,Kimberly,Moore,KimberlyMoore@meridianpharma.com,DC018,Store Manager,5/18/2022,71713.15
EMP0012,Rebecca,Campbell,RebeccaCampbell@meridianpharma.com,DC005,Account Representative,1/8/2015,67985.95
EMP0013,Karen,Lee,KarenLee@meridianpharma.com,DC014,Cashier,4/26/2018,35408.40
EMP0014,Anna,Allen,AnnaAllen@meridianpharma.com,DC001,Cashier,8/24/2021,41748.33
EMP0015,Samuel,Baker,SamuelBaker@meridianpharma.com,DC014,Inventory Clerk,2/2/2019,33194.30
EMP0016,Patrick,King,PatrickKing@meridianpharma.com,DC006,Cashier,10/6/2023,38478.78
EMP0017,Nicholas,Cox,NicholasCox@meridianpharma.com,DC012,Inventory Clerk,1/19/2020,46165.27
EMP0018,James,Kim,JamesKim@meridianpharma.com,DC001,Cashier,6/2/2024,35173.56
EMP0019,Michelle,Walker,MichelleWalker@meridianpharma.com,DC019,Cashier,12/17/2014,39822.04
EMP0020,Jonathan,Taylor,JonathanTaylor@meridianpharma.com,DC016,Inventory Clerk,12/21/2016,40352.75
EMP0021,Margaret,Cooper,MargaretCooper@meridianpharma.com,DC023,Shift Supervisor,12/30/2021,45077.73
EMP0022,Christine,Mitchell,ChristineMitchell@meridianpharma.com,DC017,Account Representative,5/11/2015,57142.78
EMP0023,Robert,Ramos,RobertRamos@meridianpharma.com,DC019,Shift Supervisor,1/30/2014,41117.84
EMP0024,Sandra,Rodriguez,SandraRodriguez@meridianpharma.com,DC011,Cashier,10/7/2019,33598.86
EMP0025,Margaret,Cooper,MargaretCooper@meridianpharma.com,DC019,Account Representative,9/22/2016,68601.62
EMP0026,Matthew,Gonzalez,MatthewGonzalez@meridianpharma.com,DC014,Pharmacist Liaison,10/1/2018,73547.55
EMP0027,Michael,Gonzalez,MichaelGonzalez@meridianpharma.com,DC024,Pharmacist Liaison,12/24/2022,85217.32
EMP0028,Matthew,Morgan,MatthewMorgan@meridianpharma.com,DC014,Inventory Clerk,2/14/2017,39464.87
EMP0029,Elizabeth,Cruz,ElizabethCruz@meridianpharma.com,DC018,Cashier,7/27/2014,38817.03
EMP0030,Mary,Lopez,MaryLopez@meridianpharma.com,DC008,Inventory Clerk,7/23/2018,39779.00
EMP0031,Rebecca,Davis,RebeccaDavis@meridianpharma.com,DC001,Logistics Coordinator,12/22/2016,68108.32
EMP0032,Andrew,Diaz,AndrewDiaz@meridianpharma.com,DC024,Account Representative,9/27/2015,55904.32
EMP0033,Linda,Howard,LindaHoward@meridianpharma.com,DC002,Pharmacist Liaison,8/23/2014,64198.69
EMP0034,Anna,Lee,AnnaLee@meridianpharma.com,DC017,Cashier,7/20/2023,32941.39
EMP0035,Frank,Walker,FrankWalker@meridianpharma.com,DC019,Shift Supervisor,6/29/2020,49729.84
EMP0036,Sharon,Howard,SharonHoward@meridianpharma.com,DC011,Store Manager,4/16/2016,73739.48
EMP0037,Kimberly,Gomez,KimberlyGomez@meridianpharma.com,DC021,Store Manager,2/16/2019,65325.02
EMP0038,Elizabeth,Johnson,ElizabethJohnson@meridianpharma.com,DC019,Cashier,10/28/2014,37374.19
EMP0039,Thomas,Hall,ThomasHall@meridianpharma.com,DC008,Pharmacist Liaison,3/13/2017,66985.64
EMP0040,Raymond,Hill,RaymondHill@meridianpharma.com,DC021,Sales Associate,6/28/2021,59071.30
EMP0041,Gregory,Wilson,GregoryWilson@meridianpharma.com,DC005,Store Manager,4/18/2015,78975.16
EMP0042,Karen,Wright,KarenWright@meridianpharma.com,DC007,Pharmacist Liaison,4/13/2016,80706.18
EMP0043,Nicholas,Morales,NicholasMorales@meridianpharma.com,DC002,Cashier,2/11/2021,35937.05
EMP0044,James,Nelson,JamesNelson@meridianpharma.com,DC021,Store Manager,10/24/2015,75441.30
EMP0045,Edward,Bailey,EdwardBailey@meridianpharma.com,DC999,Inventory Clerk,2/13/2020,33641.78
EMP0046,Stephen,Jackson,StephenJackson@meridianpharma.com,DC002,Store Manager,2/2/2018,79195.76
EMP0047,Jennifer,Rivera,JenniferRivera@meridianpharma.com,DC008,Cashier,12/19/2017,40429.46
EMP0048,Jason,Richardson,JasonRichardson@meridianpharma.com,DC008,Inventory Clerk,12/12/2024,44068.46
EMP0049,Jason,Brown,JasonBrown@meridianpharma.com,DC011,Logistics Coordinator,12/30/2022,62899.11
EMP0050,Ashley,Wright,AshleyWright@meridianpharma.com,DC023,Cashier,4/16/2018,41589.30
EMP0051,Mark,Sanchez,MarkSanchez@meridianpharma.com,DC015,Pharmacist Liaison,6/4/2017,84151.89
EMP0052,Mark,Brown,MarkBrown@meridianpharma.com,DC013,Pharmacist Liaison,2/15/2017,85286.74
EMP0053,Emily,Hall,EmilyHall@meridianpharma.com,DC013,Pharmacist Liaison,7/14/2024,63614.85
EMP0054,Kimberly,Thompson,KimberlyThompson@meridianpharma.com,DC009,Sales Associate,3/21/2015,55057.60
EMP0055,Kenneth,Parker,KennethParker@meridianpharma.com,DC017,Cashier,4/27/2018,41933.76
EMP0056,Jennifer,Parker,JenniferParker@meridianpharma.com,,Shift Supervisor,1/31/2018,47044.84
EMP0057,Kevin,Richardson,KevinRichardson@meridianpharma.com,DC004,Store Manager,9/9/2019,65160.97
EMP0058,Rebecca,Nguyen,RebeccaNguyen@meridianpharma.com,DC007,Logistics Coordinator,6/16/2021,68389.38
EMP0059,Daniel,Ward,DanielWard@meridianpharma.com,DC013,Sales Associate,5/29/2017,49421.83
EMP0060,Justin,Cox,JustinCox@meridianpharma.com,DC015,Account Representative,12/17/2018,66274.64
EMP0061,Jack,Perez,JackPerez@meridianpharma.com,DC010,Pharmacist Liaison,1/18/2015,84097.17
EMP0062,Frank,Flores,FrankFlores@meridianpharma.com,DC007,Inventory Clerk,4/11/2014,33780.82
EMP0063,Brandon,Martinez,BrandonMartinez@meridianpharma.com,DC021,Shift Supervisor,1/21/2022,51405.03
EMP0064,Ashley,Jackson,AshleyJackson@meridianpharma.com,DC001,Cashier,9/24/2022,35956.84
EMP0065,Carolyn,Gutierrez,CarolynGutierrez@meridianpharma.com,DC018,Shift Supervisor,4/15/2024,53905.13
EMP0066,Kathleen,Ortiz,KathleenOrtiz@meridianpharma.com,DC020,Pharmacist Liaison,8/27/2024,82460.98
EMP0067,Patrick,Cook,PatrickCook@meridianpharma.com,DC018,Account Representative,1/23/2024,55248.02
EMP0068,Cynthia,King,CynthiaKing@meridianpharma.com,DC021,Store Manager,8/3/2022,76308.66
EMP0069,Donald,Scott,DonaldScott@meridianpharma.com,DC023,Store Manager,8/18/2016,64266.82
EMP0070,Brenda,Hernandez,BrendaHernandez@meridianpharma.com,DC008,Logistics Coordinator,10/13/2021,52401.95
EMP0071,Sharon,Evans,SharonEvans@meridianpharma.com,DC015,Logistics Coordinator,9/13/2014,53498.74
EMP0072,Justin,Williams,JustinWilliams@meridianpharma.com,DC019,Logistics Coordinator,5/8/2019,49419.69
EMP0073,Stephanie,Turner,StephanieTurner@meridianpharma.com,DC024,Shift Supervisor,6/23/2019,43559.49
EMP0074,Patricia,Roberts,PatriciaRoberts@meridianpharma.com,DC022,Logistics Coordinator,2/14/2022,52650.41
EMP0075,Thomas,Richardson,ThomasRichardson@meridianpharma.com,DC013,Sales Associate,12/10/2014,55898.04
EMP0076,Kathleen,White,KathleenWhite@meridianpharma.com,DC013,Pharmacist Liaison,5/16/2016,74676.71
EMP0077,Timothy,Scott,TimothyScott@meridianpharma.com,DC014,Store Manager,5/13/2023,
EMP0078,Brenda,Miller,BrendaMiller@meridianpharma.com,DC012,Shift Supervisor,4/16/2021,41078.77
EMP0079,Jennifer,Brown,JenniferBrown@meridianpharma.com,DC007,Sales Associate,12/19/2020,46973.36
EMP0080,Debra,Anderson,DebraAnderson@meridianpharma.com,DC007,Account Representative,11/5/2021,57320.80
EMP0081,Helen,Cox,HelenCox@meridianpharma.com,DC023,Cashier,9/21/2022,40923.19
EMP0082,Susan,Howard,SusanHoward@meridianpharma.com,DC0,Logistics Coordinator,6/13/2018,68411.85
EMP0083,Nicole,Young,NicoleYoung@meridianpharma.com,DC010,Cashier,12/6/2022,42996.44
EMP0084,Brian,Morgan,BrianMorgan@meridianpharma.com,DC012,Cashier,9/4/2019,
EMP0085,Sharon,Morales,SharonMorales@meridianpharma.com,DC012,Account Representative,12/7/2021,55116.36
EMP0086,Eric,Wright,EricWright@meridianpharma.com,DC018,Account Representative,3/20/2019,61149.52
EMP0087,Paul,Adams,PaulAdams@meridianpharma.com,DC003,Store Manager,11/21/2023,68529.09
EMP0088,Larry,Ward,LarryWard@meridianpharma.com,DC011,Sales Associate,7/18/2019,59687.34
EMP0089,Margaret,Rivera,MargaretRivera@meridianpharma.com,DC011,Store Manager,11/15/2023,71988.49
EMP0090,Pamela,Johnson,PamelaJohnson@meridianpharma.com,DC007,Cashier,9/15/2016,39672.94
EMP0091,Donald,Stewart,DonaldStewart@meridianpharma.com,DC016,Account Representative,11/22/2022,52218.14
EMP0092,Rebecca,Young,RebeccaYoung@meridianpharma.com,DC019,Pharmacist Liaison,4/23/2019,77234.95
EMP0093,Maria,Peterson,MariaPeterson@meridianpharma.com,DC023,Account Representative,1/14/2017,58396.40
EMP0094,Patrick,Harris,PatrickHarris@meridianpharma.com,DC024,Inventory Clerk,2/24/2016,36103.65
EMP0095,Patrick,Ramos,PatrickRamos@meridianpharma.com,DC017,Store Manager,12/30/2024,60192.52
EMP0096,Sandra,Campbell,SandraCampbell@meridianpharma.com,DC001,Inventory Clerk,1/28/2017,33771.29
EMP0097,Donna,Taylor,DonnaTaylor@meridianpharma.com,DC016,Cashier,10/15/2023,30754.54
EMP0098,Amy,Cruz,AmyCruz@meridianpharma.com,DC002,Store Manager,7/21/2024,78309.01
EMP0099,William,Phillips,WilliamPhillips@meridianpharma.com,DC019,Sales Associate,9/14/2015,46915.40
EMP0100,Joshua,Hernandez,JoshuaHernandez@meridianpharma.com,DC004,Logistics Coordinator,10/19/2020,61401.37
EMP0101,Eric,Carter,EricCarter@meridianpharma.com,DC015,Store Manager,8/25/2023,71806.90
EMP0102,Larry,Richardson,LarryRichardson@meridianpharma.com,DC024,Cashier,8/17/2024,40210.49
EMP0103,Kimberly,Hernandez,KimberlyHernandez@meridianpharma.com,DC006,Cashier,10/4/2015,30633.71
EMP0104,Scott,Stewart,ScottStewart@meridianpharma.com,DC008,Store Manager,12/5/2021,64528.70
EMP0105,Elizabeth,Robinson,ElizabethRobinson@meridianpharma.com,DC021,Shift Supervisor,10/8/2018,41838.07
EMP0106,Karen,Wright,KarenWright@meridianpharma.com,DC003,Sales Associate,11/11/2015,58625.84
EMP0107,Larry,Torres,LarryTorres@meridianpharma.com,DC015,Store Manager,11/6/2021,67379.70
EMP0108,Brenda,Murphy,BrendaMurphy@meridianpharma.com,DC020,Sales Associate,12/23/2023,52062.92
EMP0109,Steven,Brown,StevenBrown@meridianpharma.com,DC022,Sales Associate,7/30/2022,56435.52
EMP0110,Jennifer,Thompson,JenniferThompson@meridianpharma.com,DC021,Account Representative,4/10/2024,57788.64
EMP0111,Laura,Morales,LauraMorales@meridianpharma.com,DC016,Pharmacist Liaison,7/31/2018,71532.69
EMP0112,Christopher,Nelson,ChristopherNelson@meridianpharma.com,DC016,Store Manager,6/6/2021,80295.61
EMP0113,Stephen,Jones,StephenJones@meridianpharma.com,DC011,Store Manager,8/17/2017,60558.93
EMP0114,Shirley,Smith,ShirleySmith@meridianpharma.com,DC018,Account Representative,8/20/2018,53007.26
EMP0115,Samantha,Murphy,SamanthaMurphy@meridianpharma.com,DC002,Shift Supervisor,12/29/2016,48984.66
EMP0116,Jeffrey,Morales,JeffreyMorales@meridianpharma.com,DC021,Shift Supervisor,12/17/2021,42555.32
EMP0117,Stephen,Evans,StephenEvans@meridianpharma.com,DC004,Account Representative,8/15/2024,54357.90
EMP0118,Angela,Nguyen,AngelaNguyen@meridianpharma.com,DC009,Logistics Coordinator,5/13/2023,59094.74
EMP0119,Ryan,Peterson,RyanPeterson@meridianpharma.com,DC007,Inventory Clerk,9/10/2023,34102.91
EMP0120,Sharon,Baker,SharonBaker@meridianpharma.com,DC017,Store Manager,3/15/2023,57861.05
EMP0121,Nicole,Howard,NicoleHoward@meridianpharma.com,DC016,Inventory Clerk,1/4/2019,40501.62
EMP0122,Stephen,Cooper,StephenCooper@meridianpharma.com,DC011,Shift Supervisor,12/31/2024,51423.85
EMP0123,Sandra,Evans,SandraEvans@meridianpharma.com,DC024,Account Representative,11/28/2021,71351.73
EMP0124,Gregory,Martin,GregoryMartin@meridianpharma.com,DC002,Inventory Clerk,8/20/2019,46327.08
EMP0125,Richard,Cruz,RichardCruz@meridianpharma.com,DC015,Sales Associate,2/7/2022,46823.63
EMP0126,Karen,Martinez,KarenMartinez@meridianpharma.com,DC009,Pharmacist Liaison,12/27/2020,80841.05
EMP0127,Kevin,Morgan,KevinMorgan@meridianpharma.com,DC011,Account Representative,10/14/2023,63400.69
EMP0128,Donald,Torres,DonaldTorres@meridianpharma.com,DC024,Cashier,11/13/2018,42927.06
EMP0129,Raymond,Gonzalez,RaymondGonzalez@meridianpharma.com,DC023,Store Manager,2/18/2024,58488.94
EMP0130,Linda,Nguyen,LindaNguyen@meridianpharma.com,DC014,Inventory Clerk,9/27/2016,40400.42
EMP0131,Lisa,Perez,LisaPerez@meridianpharma.com,DC020,Logistics Coordinator,12/13/2020,63167.63
EMP0132,Justin,Jackson,JustinJackson@meridianpharma.com,DC021,Store Manager,2/26/2019,
EMP0133,Kathleen,Torres,KathleenTorres@meridianpharma.com,DC006,Cashier,12/15/2018,42509.97
EMP0134,Joshua,Diaz,JoshuaDiaz@meridianpharma.com,DC015,Store Manager,3/26/2016,81585.09
EMP0135,Susan,Walker,SusanWalker@meridianpharma.com,DC012,Store Manager,11/4/2021,64826.49
EMP0136,Gregory,Gomez,GregoryGomez@meridianpharma.com,DC019,Sales Associate,3/18/2024,55236.60
EMP0137,Andrew,Robinson,AndrewRobinson@meridianpharma.com,DC012,Shift Supervisor,2/20/2021,43077.67
EMP0138,Patrick,Moore,PatrickMoore@meridianpharma.com,DC021,Sales Associate,6/19/2017,58552.71
EMP0139,George,Taylor,GeorgeTaylor@meridianpharma.com,DC010,Pharmacist Liaison,5/20/2022,73661.53
EMP0140,Brenda,Campbell,BrendaCampbell@meridianpharma.com,DC009,Inventory Clerk,11/18/2016,45626.77
EMP0141,Donna,Baker,DonnaBaker@meridianpharma.com,DC015,Cashier,7/31/2015,40102.31
EMP0142,Frank,Gomez,FrankGomez@meridianpharma.com,DC018,Pharmacist Liaison,1/5/2015,
EMP0143,Jonathan,Thomas,JonathanThomas@meridianpharma.com,DC022,Store Manager,7/22/2020,66868.41
EMP0144,Deborah,Wilson,DeborahWilson@meridianpharma.com,DC016,Sales Associate,12/12/2020,60293.07
EMP0145,Brandon,Lewis,BrandonLewis@meridianpharma.com,DC021,Account Representative,3/13/2024,66818.00
EMP0146,Joseph,Moore,JosephMoore@meridianpharma.com,DC002,Store Manager,7/11/2019,60563.67
EMP0147,Jonathan,Moore,JonathanMoore@meridianpharma.com,DC012,Logistics Coordinator,8/2/2020,64368.06
EMP0148,Sharon,Gonzalez,SharonGonzalez@meridianpharma.com,DC020,Logistics Coordinator,7/13/2024,68615.89
EMP0149,Deborah,Ramirez,DeborahRamirez@meridianpharma.com,DC008,Pharmacist Liaison,2/11/2015,88306.03
EMP0150,Samuel,Rivera,SamuelRivera@meridianpharma.com,DC009,Shift Supervisor,11/9/2024,41959.53
EMP0151,Ryan,Lopez,RyanLopez@meridianpharma.com,DC021,Sales Associate,7/27/2014,58519.66
EMP0152,Thomas,Reed,ThomasReed@meridianpharma.com,DC018,Shift Supervisor,7/29/2020,43502.40
EMP0153,Kevin,Jackson,KevinJackson@meridianpharma.com,DC020,Sales Associate,2/9/2017,59822.99
EMP0154,Thomas,Cooper,ThomasCooper@meridianpharma.com,DC006,Cashier,5/31/2021,41517.24
EMP0155,Melissa,Walker,MelissaWalker@meridianpharma.com,DC001,Inventory Clerk,12/22/2016,33865.25
EMP0156,Anna,Anderson,AnnaAnderson@meridianpharma.com,DC016,Account Representative,9/22/2022,59579.53
EMP0157,Cynthia,Cook,CynthiaCook@meridianpharma.com,DC020,Sales Associate,2/26/2022,58454.73
EMP0158,Eric,Hill,EricHill@meridianpharma.com,DC001,Sales Associate,5/16/2019,59620.83
EMP0159,Susan,Morales,SusanMorales@meridianpharma.com,DC015,Cashier,2/1/2024,31617.96
EMP0160,William,Taylor,WilliamTaylor@meridianpharma.com,DC021,Pharmacist Liaison,4/10/2018,88660.86
EMP0161,Ryan,Cook,RyanCook@meridianpharma.com,DC004,Cashier,7/26/2023,38849.38
EMP0162,Stephen,Ramirez,StephenRamirez@meridianpharma.com,DC008,Logistics Coordinator,10/20/2017,66096.61
EMP0163,Catherine,Gonzalez,CatherineGonzalez@meridianpharma.com,DC011,Store Manager,3/14/2018,80495.50
EMP0164,Jacob,Rodriguez,JacobRodriguez@meridianpharma.com,DC003,Cashier,11/4/2018,31816.71
EMP0165,Thomas,Bailey,ThomasBailey@meridianpharma.com,DC018,Pharmacist Liaison,7/7/2021,66065.79
EMP0166,Debra,Diaz,DebraDiaz@meridianpharma.com,DC024,Sales Associate,11/10/2024,49434.86
EMP0167,Susan,Kelly,SusanKelly@meridianpharma.com,DC005,Account Representative,7/7/2016,69939.32
EMP0168,Pamela,Mitchell,PamelaMitchell@meridianpharma.com,DC009,Shift Supervisor,1/20/2023,47008.90
EMP0169,Samantha,Ward,SamanthaWard@meridianpharma.com,DC018,Sales Associate,10/30/2020,61109.33
EMP0170,Paul,Brown,PaulBrown@meridianpharma.com,DC023,Store Manager,5/2/2024,
EMP0171,Charles,Reed,CharlesReed@meridianpharma.com,DC003,Inventory Clerk,4/24/2022,41792.80
EMP0172,Maria,Ortiz,MariaOrtiz@meridianpharma.com,DC014,Account Representative,10/28/2017,55210.69
EMP0173,Carol,Reed,CarolReed@meridianpharma.com,DC002,Inventory Clerk,10/7/2015,43448.05
EMP0174,David,Wright,DavidWright@meridianpharma.com,DC014,Account Representative,10/22/2020,61287.64
EMP0175,Shirley,Anderson,ShirleyAnderson@meridianpharma.com,DC004,Store Manager,8/9/2021,73947.97
EMP0176,Debra,Flores,DebraFlores@meridianpharma.com,DC013,Sales Associate,2/1/2014,47920.50
EMP0177,Sarah,Allen,SarahAllen@meridianpharma.com,DC004,Sales Associate,7/31/2019,57795.66
EMP0178,Timothy,Morgan,TimothyMorgan@meridianpharma.com,DC017,Pharmacist Liaison,10/23/2014,73184.14
EMP0179,Laura,Williams,LauraWilliams@meridianpharma.com,DC003,Pharmacist Liaison,6/16/2020,74018.46
EMP0180,Katherine,Turner,KatherineTurner@meridianpharma.com,DC013,Sales Associate,11/1/2024,50110.78
EMP0181,Samantha,Collins,SamanthaCollins@meridianpharma.com,DC012,Cashier,11/24/2018,41240.50
EMP0182,Nicole,Phillips,NicolePhillips@meridianpharma.com,DC013,Store Manager,5/13/2022,65880.42
EMP0183,Nancy,Martinez,NancyMartinez@meridianpharma.com,DC004,Shift Supervisor,2/28/2024,52718.95
EMP0184,Samuel,Jackson,SamuelJackson@meridianpharma.com,DC005,Store Manager,3/19/2016,61929.28
EMP0185,Christine,Martinez,ChristineMartinez@meridianpharma.com,DC021,Account Representative,3/16/2019,67957.42
EMP0186,Cynthia,Reed,CynthiaReed@meridianpharma.com,DC020,Pharmacist Liaison,9/10/2023,88048.20
EMP0187,Jeffrey,Rodriguez,JeffreyRodriguez@meridianpharma.com,DC021,Store Manager,12/6/2022,64337.23
EMP0188,Nicholas,Martinez,NicholasMartinez@meridianpharma.com,DC015,Sales Associate,8/22/2014,50911.02
EMP0189,Samuel,Lopez,SamuelLopez@meridianpharma.com,DC017,Logistics Coordinator,3/11/2019,61080.69
EMP0190,Jack,Garcia,JackGarcia@meridianpharma.com,DC019,Shift Supervisor,8/9/2017,49902.35
EMP0191,Linda,Edwards,LindaEdwards@meridianpharma.com,DC011,Cashier,8/29/2019,38741.20
EMP0192,Raymond,Cruz,RaymondCruz@meridianpharma.com,DC017,Inventory Clerk,1/30/2018,38239.43
EMP0193,Jason,Baker,JasonBaker@meridianpharma.com,DC002,Pharmacist Liaison,9/27/2014,71438.99
EMP0194,Stephanie,Torres,StephanieTorres@meridianpharma.com,DC022,Inventory Clerk,9/27/2017,34262.50
EMP0195,Brian,Flores,BrianFlores@meridianpharma.com,DC023,Logistics Coordinator,6/13/2015,61379.34
EMP0196,Michelle,Bailey,MichelleBailey@meridianpharma.com,DC011,Inventory Clerk,7/7/2021,42743.64
EMP0197,Rachel,Ortiz,RachelOrtiz@meridianpharma.com,DC022,Logistics Coordinator,9/14/2019,56645.11
EMP0198,Lisa,Ramirez,LisaRamirez@meridianpharma.com,DC016,Shift Supervisor,7/16/2016,56399.62
EMP0199,Donna,Gonzalez,DonnaGonzalez@meridianpharma.com,DC018,Sales Associate,6/4/2021,50329.11
EMP0200,Thomas,Kim,ThomasKim@meridianpharma.com,DC006,Inventory Clerk,4/29/2023,42607.34
EMP0201,Nancy,Cruz,NancyCruz@meridianpharma.com,DC012,Shift Supervisor,11/15/2024,47257.07
EMP0202,Maria,Edwards,MariaEdwards@meridianpharma.com,DC008,Store Manager,10/30/2024,77045.25
EMP0203,Matthew,Mitchell,MatthewMitchell@meridianpharma.com,DC019,Account Representative,3/7/2019,68277.51
EMP0204,Nicholas,Ortiz,NicholasOrtiz@meridianpharma.com,DC006,Shift Supervisor,12/26/2022,49896.71
EMP0205,Michael,Morris,MichaelMorris@meridianpharma.com,DC018,Cashier,12/23/2021,41258.24
EMP0206,Andrew,Hernandez,AndrewHernandez@meridianpharma.com,DC009,Account Representative,2/26/2024,62810.08
EMP0207,Barbara,Lewis,BarbaraLewis@meridianpharma.com,DC012,Sales Associate,8/27/2018,45169.28
EMP0208,Donald,Roberts,DonaldRoberts@meridianpharma.com,DC012,Shift Supervisor,4/26/2014,45192.37
EMP0209,Janet,Nelson,JanetNelson@meridianpharma.com,DC005,Sales Associate,3/21/2017,60896.61
EMP0210,Sarah,Stewart,SarahStewart@meridianpharma.com,DC001,Cashier,3/19/2014,33824.64
EMP0211,Stephen,Cox,StephenCox@meridianpharma.com,DC004,Store Manager,8/31/2016,64967.40
EMP0212,Sharon,Richardson,SharonRichardson@meridianpharma.com,DC004,Account Representative,9/10/2020,63294.75
EMP0213,Emma,Walker,EmmaWalker@meridianpharma.com,DC010,Logistics Coordinator,1/7/2014,61780.63
EMP0214,Sharon,White,SharonWhite@meridianpharma.com,DC003,Pharmacist Liaison,10/5/2014,87593.16
EMP0215,Nicholas,Peterson,NicholasPeterson@meridianpharma.com,,Sales Associate,2/16/2021,51241.24
EMP0216,Maria,Williams,MariaWilliams@meridianpharma.com,DC003,Pharmacist Liaison,9/14/2016,81883.17
EMP0217,Justin,Nelson,JustinNelson@meridianpharma.com,DC012,Pharmacist Liaison,2/15/2023,79548.41
EMP0218,Rachel,Reyes,RachelReyes@meridianpharma.com,DC016,Inventory Clerk,2/6/2023,34990.74
EMP0219,Ryan,Jones,RyanJones@meridianpharma.com,DC002,Shift Supervisor,12/8/2023,40639.35
EMP0220,Shirley,Gomez,ShirleyGomez@meridianpharma.com,DC018,Account Representative,11/3/2016,52631.85
EMP0221,Andrew,Rivera,AndrewRivera@meridianpharma.com,DC002,Pharmacist Liaison,1/24/2017,66123.90
EMP0222,Rebecca,Cruz,RebeccaCruz@meridianpharma.com,DC013,Pharmacist Liaison,12/2/2024,67738.57
EMP0223,Deborah,Gutierrez,DeborahGutierrez@meridianpharma.com,DC003,Logistics Coordinator,11/20/2014,58041.33
EMP0224,Lisa,Cooper,LisaCooper@meridianpharma.com,DC004,Cashier,9/5/2017,38927.58
EMP0225,Helen,Diaz,HelenDiaz@meridianpharma.com,DC015,Pharmacist Liaison,1/6/2019,63997.00
EMP0226,Melissa,Ward,MelissaWard@meridianpharma.com,DC009,Sales Associate,11/4/2014,56415.55
EMP0227,Shirley,Lee,ShirleyLee@meridianpharma.com,DC005,Account Representative,5/23/2014,54545.01
EMP0228,Samuel,Campbell,SamuelCampbell@meridianpharma.com,DC019,Sales Associate,10/14/2020,46992.57
EMP0229,Deborah,Mitchell,DeborahMitchell@meridianpharma.com,DC003,Inventory Clerk,12/9/2019,38158.87
EMP0230,Emily,Young,EmilyYoung@meridianpharma.com,DC001,Inventory Clerk,8/7/2019,40217.22
EMP0231,Jessica,King,JessicaKing@meridianpharma.com,DC023,Account Representative,5/28/2016,73122.40
EMP0232,Gary,Sanchez,GarySanchez@meridianpharma.com,DC003,Account Representative,12/9/2015,71036.80
EMP0233,Barbara,Green,BarbaraGreen@meridianpharma.com,DC023,Cashier,3/2/2020,37431.36
EMP0234,Christopher,Thompson,ChristopherThompson@meridianpharma.com,DC017,Shift Supervisor,5/13/2015,56155.43
EMP0235,Donald,Murphy,DonaldMurphy@meridianpharma.com,,Pharmacist Liaison,3/30/2019,83714.84
EMP0236,Brandon,Lopez,BrandonLopez@meridianpharma.com,DC013,Account Representative,11/24/2019,60620.48
EMP0237,Emma,Martinez,EmmaMartinez@meridianpharma.com,DC011,Cashier,1/18/2019,36469.50
EMP0238,Thomas,Peterson,ThomasPeterson@meridianpharma.com,DC006,Inventory Clerk,11/8/2018,40014.09
EMP0239,Jessica,Gutierrez,JessicaGutierrez@meridianpharma.com,DC006,Inventory Clerk,8/14/2017,45909.17
EMP0240,Eric,Torres,EricTorres@meridianpharma.com,DC009,Shift Supervisor,2/14/2021,55681.98
EMP0241,Benjamin,Hill,BenjaminHill@meridianpharma.com,DC003,Inventory Clerk,8/21/2020,46002.94
EMP0242,Gregory,Richardson,GregoryRichardson@meridianpharma.com,DC020,Pharmacist Liaison,6/14/2023,86829.78
EMP0243,Patricia,Hernandez,PatriciaHernandez@meridianpharma.com,DC021,Store Manager,4/21/2021,62817.24
EMP0244,Samantha,Brown,SamanthaBrown@meridianpharma.com,DC021,Store Manager,3/14/2021,80568.27
EMP0245,Rachel,Phillips,RachelPhillips@meridianpharma.com,DC003,Sales Associate,10/10/2015,52200.82
EMP0246,Anthony,Baker,AnthonyBaker@meridianpharma.com,DC011,Pharmacist Liaison,3/27/2022,88489.81
EMP0247,Rebecca,Taylor,RebeccaTaylor@meridianpharma.com,DC017,Cashier,7/31/2017,33645.90
EMP0248,Cynthia,Young,CynthiaYoung@meridianpharma.com,DC002,Store Manager,8/8/2024,66942.77
EMP0249,Ashley,Lee,AshleyLee@meridianpharma.com,DC019,Pharmacist Liaison,2/17/2016,82664.84
EMP0250,Shirley,Reyes,ShirleyReyes@meridianpharma.com,DC010,Account Representative,4/5/2014,53772.55
EMP0251,Ryan,Walker,RyanWalker@meridianpharma.com,DC012,Sales Associate,7/27/2014,49320.69
EMP0252,Christine,Stewart,ChristineStewart@meridianpharma.com,DC001,Cashier,11/1/2018,32287.58
EMP0253,George,Phillips,GeorgePhillips@meridianpharma.com,DC013,Sales Associate,5/24/2020,54425.07
EMP0254,Andrew,Martinez,AndrewMartinez@meridianpharma.com,DC015,Store Manager,4/4/2023,81340.36
EMP0255,Jessica,Taylor,JessicaTaylor@meridianpharma.com,DC013,Pharmacist Liaison,11/30/2022,88457.80
EMP0256,George,Jackson,GeorgeJackson@meridianpharma.com,DC017,Logistics Coordinator,8/11/2019,50117.17
EMP0257,Janet,Nelson,JanetNelson@meridianpharma.com,DC017,Account Representative,9/3/2015,64793.66
EMP0258,Carol,Ward,CarolWard@meridianpharma.com,DC013,Store Manager,8/28/2020,65805.69
EMP0259,Jonathan,Morales,JonathanMorales@meridianpharma.com,DC010,Account Representative,2/24/2023,52205.20
EMP0260,Joseph,Turner,JosephTurner@meridianpharma.com,DC024,Sales Associate,9/10/2020,52837.54
EMP0261,Justin,Kelly,JustinKelly@meridianpharma.com,DC002,Account Representative,11/30/2015,63042.36
EMP0262,Timothy,Jackson,TimothyJackson@meridianpharma.com,DC008,Sales Associate,6/3/2020,61457.33
EMP0263,Robert,Cruz,RobertCruz@meridianpharma.com,DC005,Logistics Coordinator,9/29/2021,53439.00
EMP0264,Brandon,Stewart,BrandonStewart@meridianpharma.com,DC024,Sales Associate,11/30/2021,46713.10
EMP0265,Carol,Morris,CarolMorris@meridianpharma.com,DC011,Inventory Clerk,2/26/2019,45600.49
EMP0266,Melissa,King,MelissaKing@meridianpharma.com,DC007,Shift Supervisor,2/16/2017,49130.53
EMP0267,Joshua,Torres,JoshuaTorres@meridianpharma.com,DC023,Account Representative,7/22/2017,62093.80
EMP0268,Patrick,Scott,PatrickScott@meridianpharma.com,DC019,Logistics Coordinator,1/18/2024,69197.26
EMP0269,Charles,Nguyen,CharlesNguyen@meridianpharma.com,DC023,Cashier,11/19/2017,42242.52
EMP0270,Maria,Morris,MariaMorris@meridianpharma.com,DC018,Store Manager,6/18/2024,71176.03
EMP0271,Susan,Ward,SusanWard@meridianpharma.com,DC008,Shift Supervisor,7/27/2014,50968.77
EMP0272,Katherine,Robinson,KatherineRobinson@meridianpharma.com,DC014,Pharmacist Liaison,1/17/2022,75135.26
EMP0273,Sarah,Smith,SarahSmith@meridianpharma.com,DC006,Logistics Coordinator,4/28/2021,68281.15
EMP0274,Amy,Sanchez,AmySanchez@meridianpharma.com,DC010,Pharmacist Liaison,3/15/2017,79628.76
EMP0275,Barbara,Kelly,BarbaraKelly@meridianpharma.com,DC024,Sales Associate,3/29/2024,60970.77
EMP0276,Daniel,Jones,DanielJones@meridianpharma.com,DC013,Account Representative,2/3/2016,71846.60
EMP0277,Donna,Jones,DonnaJones@meridianpharma.com,,Cashier,5/30/2024,42985.72
EMP0278,Samuel,Cooper,SamuelCooper@meridianpharma.com,DC005,Account Representative,1/22/2017,55966.52
EMP0279,Christopher,Collins,ChristopherCollins@meridianpharma.com,DC023,Inventory Clerk,2/27/2014,43204.83
EMP0280,Larry,Harris,LarryHarris@meridianpharma.com,DC021,Logistics Coordinator,4/11/2023,57982.38
EMP0281,Rebecca,Gonzalez,RebeccaGonzalez@meridianpharma.com,DC005,Account Representative,8/18/2017,
EMP0282,Stephanie,Walker,StephanieWalker@meridianpharma.com,DC009,Pharmacist Liaison,5/21/2017,77985.73
EMP0283,Kimberly,Campbell,KimberlyCampbell@meridianpharma.com,DC002,Cashier,3/22/2019,34465.76
EMP0284,Nicholas,Flores,NicholasFlores@meridianpharma.com,DC021,Store Manager,2/14/2018,72428.09
EMP0285,Sarah,Morris,SarahMorris@meridianpharma.com,DC024,Pharmacist Liaison,8/31/2018,81080.26
EMP0286,Jonathan,Ramirez,JonathanRamirez@meridianpharma.com,DC022,Cashier,11/23/2019,36229.02
EMP0287,Elizabeth,Reed,ElizabethReed@meridianpharma.com,DC018,Shift Supervisor,6/3/2020,48778.06
EMP0288,Eric,Cruz,EricCruz@meridianpharma.com,DC007,Account Representative,1/8/2015,71041.29
EMP0289,Linda,Collins,LindaCollins@meridianpharma.com,DC014,Account Representative,4/28/2020,53082.68
EMP0290,Michelle,Williams,MichelleWilliams@meridianpharma.com,DC001,Shift Supervisor,6/26/2020,41151.34
EMP0291,Carolyn,Rodriguez,CarolynRodriguez@meridianpharma.com,DC002,Cashier,6/21/2024,36548.10
EMP0292,Lisa,Moore,LisaMoore@meridianpharma.com,DC024,Logistics Coordinator,3/14/2018,69454.99
EMP0293,Timothy,Carter,TimothyCarter@meridianpharma.com,DC022,Inventory Clerk,4/30/2021,44892.91
EMP0294,Jonathan,Gomez,JonathanGomez@meridianpharma.com,DC024,Shift Supervisor,5/13/2023,
EMP0295,Joshua,Reyes,JoshuaReyes@meridianpharma.com,DC018,Logistics Coordinator,12/19/2019,56999.31
EMP0296,Ryan,Hall,RyanHall@meridianpharma.com,DC007,Cashier,5/12/2014,40799.43
EMP0297,Robert,Walker,RobertWalker@meridianpharma.com,DC004,Sales Associate,1/3/2019,55079.69
EMP0298,Michael,Young,MichaelYoung@meridianpharma.com,DC013,Account Representative,8/17/2016,63373.87
EMP0299,Linda,Moore,LindaMoore@meridianpharma.com,DC010,Shift Supervisor,2/24/2023,55024.73
EMP0300,Emma,Kim,EmmaKim@meridianpharma.com,DC011,Shift Supervisor,5/21/2017,54364.45
EMP0301,Eric,Lewis,EricLewis@meridianpharma.com,DC009,Sales Associate,3/30/2020,61463.07
EMP0302,Daniel,Diaz,DanielDiaz@meridianpharma.com,DC002,Pharmacist Liaison,7/23/2024,79561.89
EMP0303,Anna,Green,AnnaGreen@meridianpharma.com,DC014,Inventory Clerk,5/13/2017,38288.68
EMP0304,Jacob,Walker,JacobWalker@meridianpharma.com,DC010,Inventory Clerk,1/14/2023,39470.29
EMP0305,Jason,Turner,JasonTurner@meridianpharma.com,DC005,Logistics Coordinator,9/21/2016,54476.41
EMP0306,David,Edwards,DavidEdwards@meridianpharma.com,DC003,Shift Supervisor,7/31/2014,44366.19
EMP0307,Helen,Garcia,HelenGarcia@meridianpharma.com,DC007,Shift Supervisor,5/18/2019,43386.23
EMP0308,Joshua,Johnson,JoshuaJohnson@meridianpharma.com,DC007,Cashier,5/18/2022,43194.61
EMP0309,Ashley,Cox,AshleyCox@meridianpharma.com,DC013,Shift Supervisor,3/11/2020,45240.57
EMP0310,Kathleen,Morgan,KathleenMorgan@meridianpharma.com,DC010,Store Manager,1/13/2018,70005.03
EMP0311,Richard,Stewart,RichardStewart@meridianpharma.com,DC011,Shift Supervisor,2/27/2018,45097.57
EMP0312,Mark,Jackson,MarkJackson@meridianpharma.com,,Logistics Coordinator,4/24/2017,52393.95
EMP0313,Timothy,Reed,TimothyReed@meridianpharma.com,DC016,Pharmacist Liaison,11/20/2016,82671.04
EMP0314,Patrick,Morales,PatrickMorales@meridianpharma.com,DC024,Pharmacist Liaison,11/25/2015,66524.93
EMP0315,Lisa,Cooper,LisaCooper@meridianpharma.com,DC002,Sales Associate,5/30/2023,59609.89
EMP0316,Debra,Miller,DebraMiller@meridianpharma.com,DC014,Inventory Clerk,6/14/2023,41759.08
EMP0317,Karen,Johnson,KarenJohnson@meridianpharma.com,DC015,Pharmacist Liaison,9/5/2014,78901.93
EMP0318,Brandon,Morris,BrandonMorris@meridianpharma.com,DC001,Sales Associate,12/20/2019,
EMP0319,Anna,Scott,AnnaScott@meridianpharma.com,DC010,Sales Associate,8/20/2019,58999.46
EMP0320,Daniel,Wilson,DanielWilson@meridianpharma.com,DC017,Inventory Clerk,9/14/2016,35769.87
EMP0321,Melissa,Wright,MelissaWright@meridianpharma.com,DC003,Pharmacist Liaison,10/4/2024,73416.11
EMP0322,Carolyn,Lewis,CarolynLewis@meridianpharma.com,DC003,Sales Associate,1/18/2015,51576.07
EMP0323,Jacob,Davis,JacobDavis@meridianpharma.com,DC023,Inventory Clerk,12/5/2014,39973.07
EMP0324,Kevin,Reed,KevinReed@meridianpharma.com,DC004,Sales Associate,7/30/2016,48047.79
EMP0325,Larry,Stewart,LarryStewart@meridianpharma.com,DC003,Store Manager,2/1/2024,70724.13
EMP0326,Daniel,Green,DanielGreen@meridianpharma.com,DC000,Inventory Clerk,6/9/2022,44352.43
EMP0327,Elizabeth,Hill,ElizabethHill@meridianpharma.com,DC008,Logistics Coordinator,8/5/2021,67499.47
EMP0328,Jack,Moore,JackMoore@meridianpharma.com,DC023,Cashier,8/14/2019,39992.75
EMP0329,Richard,Parker,RichardParker@meridianpharma.com,DC003,Pharmacist Liaison,10/14/2020,82817.25
EMP0330,Ronald,Adams,RonaldAdams@meridianpharma.com,DC0,Account Representative,7/3/2019,56720.75
EMP0331,Timothy,Parker,TimothyParker@meridianpharma.com,DC019,Logistics Coordinator,12/18/2014,64975.00
EMP0332,Ashley,Martinez,AshleyMartinez@meridianpharma.com,DC005,Logistics Coordinator,12/25/2021,65212.97
EMP0333,Stephanie,Green,StephanieGreen@meridianpharma.com,DC003,Sales Associate,7/29/2024,49810.47
EMP0334,Paul,Wilson,PaulWilson@meridianpharma.com,DC006,Logistics Coordinator,1/13/2019,60606.80
EMP0335,Susan,Brown,SusanBrown@meridianpharma.com,DC018,Cashier,9/11/2020,38135.35
EMP0336,Stephanie,Johnson,StephanieJohnson@meridianpharma.com,DC013,Cashier,2/16/2022,41954.31
EMP0337,Ashley,Kelly,AshleyKelly@meridianpharma.com,DC022,Logistics Coordinator,11/26/2015,52118.45
EMP0338,Angela,Jackson,AngelaJackson@meridianpharma.com,DC014,Store Manager,9/21/2018,64934.10
EMP0339,George,Allen,GeorgeAllen@meridianpharma.com,DC024,Account Representative,8/29/2020,65015.88
EMP0340,Sarah,Hill,SarahHill@meridianpharma.com,,Pharmacist Liaison,6/10/2023,78962.98
EMP0341,Kevin,Cruz,KevinCruz@meridianpharma.com,DC021,Inventory Clerk,5/15/2017,37527.08
EMP0342,Betty,Morris,BettyMorris@meridianpharma.com,DC013,Pharmacist Liaison,4/8/2017,81933.25
EMP0343,Emma,Young,EmmaYoung@meridianpharma.com,DC009,Logistics Coordinator,2/4/2018,51611.92
EMP0344,Nicole,Cooper,NicoleCooper@meridianpharma.com,DC018,Sales Associate,9/8/2024,57435.28
EMP0345,Anthony,Cruz,AnthonyCruz@meridianpharma.com,DC023,Cashier,3/9/2023,41282.13
EMP0346,Frank,Murphy,FrankMurphy@meridianpharma.com,DC010,Shift Supervisor,10/31/2016,50785.01
EMP0347,Timothy,Martinez,TimothyMartinez@meridianpharma.com,DC020,Account Representative,7/12/2020,60407.19
EMP0348,Alexander,Turner,AlexanderTurner@meridianpharma.com,DC012,Cashier,3/24/2015,40288.82
EMP0349,Melissa,Perez,MelissaPerez@meridianpharma.com,DC002,Logistics Coordinator,11/4/2024,64579.46
EMP0350,Laura,Wilson,LauraWilson@meridianpharma.com,DC0,Shift Supervisor,9/23/2019,52235.73
EMP0351,Alexander,Kelly,AlexanderKelly@meridianpharma.com,DC012,Logistics Coordinator,3/12/2019,64978.55
EMP0352,Nicholas,Martin,NicholasMartin@meridianpharma.com,DC001,Account Representative,3/5/2015,58157.48
EMP0353,David,Anderson,DavidAnderson@meridianpharma.com,DC024,Inventory Clerk,11/27/2017,37407.30
EMP0354,Anthony,Gutierrez,AnthonyGutierrez@meridianpharma.com,DC016,Cashier,11/30/2018,39697.12
EMP0355,William,Hill,WilliamHill@meridianpharma.com,DC023,Cashier,4/3/2014,41299.67
EMP0356,Frank,Perez,FrankPerez@meridianpharma.com,DC024,Shift Supervisor,10/15/2019,42819.76
EMP0357,Pamela,Diaz,PamelaDiaz@meridianpharma.com,DC008,Logistics Coordinator,1/23/2021,53044.37
EMP0358,Laura,Gomez,LauraGomez@meridianpharma.com,,Shift Supervisor,1/16/2019,49691.74
EMP0359,Raymond,Ramirez,RaymondRamirez@meridianpharma.com,DC023,Cashier,6/22/2020,31882.08
EMP0360,Lisa,Campbell,LisaCampbell@meridianpharma.com,DC015,Cashier,12/10/2016,39050.84
EMP0361,Katherine,Green,KatherineGreen@meridianpharma.com,DC020,Logistics Coordinator,8/1/2020,51618.91
EMP0362,Ryan,Richardson,RyanRichardson@meridianpharma.com,DC022,Store Manager,4/20/2024,72424.73
EMP0363,Sarah,Green,SarahGreen@meridianpharma.com,DC010,Cashier,1/20/2016,35303.66
EMP0364,Stephanie,Turner,StephanieTurner@meridianpharma.com,DC019,Logistics Coordinator,9/29/2018,53070.80
EMP0365,Alexander,Thompson,AlexanderThompson@meridianpharma.com,DC016,Store Manager,7/29/2015,62252.95
EMP0366,Samantha,Miller,SamanthaMiller@meridianpharma.com,DC001,Account Representative,7/14/2015,56015.99
EMP0367,Pamela,Cook,PamelaCook@meridianpharma.com,DC014,Account Representative,8/30/2018,67011.54
EMP0368,Nancy,Hernandez,NancyHernandez@meridianpharma.com,DC008,Store Manager,5/14/2014,64341.50
EMP0369,Nancy,Collins,NancyCollins@meridianpharma.com,DC016,Cashier,6/3/2020,32039.00
EMP0370,George,Cooper,GeorgeCooper@meridianpharma.com,DC002,Account Representative,2/16/2020,56515.87
EMP0371,Jack,Young,JackYoung@meridianpharma.com,DC002,Account Representative,12/12/2016,59292.12
EMP0372,Jeffrey,Thomas,JeffreyThomas@meridianpharma.com,DC008,Shift Supervisor,2/3/2023,52083.73
EMP0373,Raymond,Ward,RaymondWard@meridianpharma.com,DC006,Inventory Clerk,10/20/2022,35970.36
EMP0374,Linda,Reed,LindaReed@meridianpharma.com,DC009,Inventory Clerk,8/18/2017,46513.35
EMP0375,Emma,Wright,EmmaWright@meridianpharma.com,DC017,Cashier,7/10/2015,42730.93
EMP0376,Linda,Scott,LindaScott@meridianpharma.com,DC005,Inventory Clerk,10/19/2016,35146.22
EMP0377,Ashley,Gomez,AshleyGomez@meridianpharma.com,DC019,Store Manager,1/15/2021,67658.56
EMP0378,Katherine,Lopez,KatherineLopez@meridianpharma.com,DC024,Store Manager,10/16/2021,80084.80
EMP0379,Gary,Adams,GaryAdams@meridianpharma.com,DC024,Cashier,3/13/2022,42849.09
EMP0380,Carolyn,Rivera,CarolynRivera@meridianpharma.com,DC018,Logistics Coordinator,6/11/2016,68953.01
EMP0381,Angela,Wright,AngelaWright@meridianpharma.com,DC010,Pharmacist Liaison,2/20/2020,77868.48
EMP0382,Gary,Baker,GaryBaker@meridianpharma.com,DC002,Sales Associate,2/12/2015,55596.47
EMP0383,Robert,Thomas,RobertThomas@meridianpharma.com,DC006,Account Representative,2/13/2019,51864.43
EMP0384,Betty,Taylor,BettyTaylor@meridianpharma.com,DC010,Inventory Clerk,10/22/2023,45881.70
EMP0385,Christine,Campbell,ChristineCampbell@meridianpharma.com,DC012,Inventory Clerk,8/1/2014,38560.06
EMP0386,Carolyn,Robinson,CarolynRobinson@meridianpharma.com,DC003,Cashier,1/5/2014,33289.11
EMP0387,Nicole,Lewis,NicoleLewis@meridianpharma.com,DC015,Sales Associate,2/3/2014,56859.87
EMP0388,Edward,Taylor,EdwardTaylor@meridianpharma.com,DC008,Logistics Coordinator,1/1/2015,64134.50
EMP0389,Kenneth,Mitchell,KennethMitchell@meridianpharma.com,DC005,Logistics Coordinator,9/4/2022,65811.37
EMP0390,Samuel,Jackson,SamuelJackson@meridianpharma.com,DC019,Sales Associate,11/4/2020,56030.37
EMP0391,Patrick,Ramirez,PatrickRamirez@meridianpharma.com,DC005,Logistics Coordinator,11/28/2020,63237.29
EMP0392,Barbara,Gonzalez,BarbaraGonzalez@meridianpharma.com,DC004,Logistics Coordinator,12/10/2017,68853.95
EMP0393,Sarah,Young,SarahYoung@meridianpharma.com,DC003,Shift Supervisor,3/16/2020,49836.43
EMP0394,Andrew,Brown,AndrewBrown@meridianpharma.com,DC022,Store Manager,4/21/2016,70122.43
EMP0395,Maria,Gomez,MariaGomez@meridianpharma.com,DC002,Shift Supervisor,7/21/2019,46297.82
EMP0396,Katherine,Kim,KatherineKim@meridianpharma.com,DC001,Pharmacist Liaison,6/22/2024,71096.64
EMP0397,Larry,Turner,LarryTurner@meridianpharma.com,DC022,Inventory Clerk,7/22/2022,39579.35
EMP0398,Elizabeth,Williams,ElizabethWilliams@meridianpharma.com,DC001,Store Manager,6/2/2016,58747.88
EMP0399,Ronald,Cook,RonaldCook@meridianpharma.com,DC023,Logistics Coordinator,10/1/2018,63546.76
EMP0400,Jonathan,Morgan,JonathanMorgan@meridianpharma.com,DC009,Cashier,6/23/2017,31595.67
EMP0401,Karen,Morgan,KarenMorgan@meridianpharma.com,DC019,Cashier,6/24/2017,39403.32
EMP0402,Donald,Davis,DonaldDavis@meridianpharma.com,DC014,Cashier,2/1/2019,38314.94
EMP0403,Debra,Thompson,DebraThompson@meridianpharma.com,DC023,Inventory Clerk,11/13/2021,33304.94
EMP0404,Brian,Gutierrez,BrianGutierrez@meridianpharma.com,DC024,Store Manager,11/15/2015,66650.49
EMP0405,Paul,Thomas,PaulThomas@meridianpharma.com,DC001,Pharmacist Liaison,1/19/2023,74019.51
EMP0406,Kimberly,Kelly,KimberlyKelly@meridianpharma.com,DC016,Account Representative,9/24/2019,59538.65
EMP0407,Larry,Perez,LarryPerez@meridianpharma.com,DC009,Cashier,1/11/2024,37831.30
EMP0408,Sandra,Rogers,SandraRogers@meridianpharma.com,DC999,Shift Supervisor,7/8/2014,47710.53
EMP0409,Karen,Thompson,KarenThompson@meridianpharma.com,DC002,Logistics Coordinator,7/8/2016,55832.58
EMP0410,Patrick,Green,PatrickGreen@meridianpharma.com,DC003,Pharmacist Liaison,5/5/2015,75902.86
EMP0411,Daniel,Lewis,DanielLewis@meridianpharma.com,DC002,Logistics Coordinator,10/10/2014,67102.92
EMP0412,Michelle,Adams,MichelleAdams@meridianpharma.com,DC015,Sales Associate,2/20/2018,47852.21
EMP0413,Joshua,Richardson,JoshuaRichardson@meridianpharma.com,DC012,Account Representative,8/31/2022,68415.17
EMP0414,Brenda,Young,BrendaYoung@meridianpharma.com,DC014,Sales Associate,8/12/2016,54056.12
EMP0415,Alexander,Johnson,AlexanderJohnson@meridianpharma.com,DC001,Logistics Coordinator,7/10/2023,64283.08
EMP0416,Anthony,Ortiz,AnthonyOrtiz@meridianpharma.com,DC014,Account Representative,10/12/2024,53128.76
EMP0417,Janet,Scott,JanetScott@meridianpharma.com,DC008,Logistics Coordinator,11/10/2021,67480.23
EMP0418,Maria,Hernandez,MariaHernandez@meridianpharma.com,DC017,Inventory Clerk,2/23/2021,44342.49
EMP0419,Larry,Davis,LarryDavis@meridianpharma.com,DC005,Shift Supervisor,4/9/2017,44243.30
EMP0420,Ronald,Adams,RonaldAdams@meridianpharma.com,DC009,Shift Supervisor,11/2/2014,55471.47
EMP0421,Justin,Wilson,JustinWilson@meridianpharma.com,DC006,Account Representative,3/24/2019,58554.61
EMP0422,Melissa,Clark,MelissaClark@meridianpharma.com,DC015,Store Manager,7/24/2023,60653.94
EMP0423,Rachel,Hill,RachelHill@meridianpharma.com,DC023,Sales Associate,5/30/2016,59413.83
EMP0424,Barbara,Young,BarbaraYoung@meridianpharma.com,DC013,Sales Associate,8/5/2021,49638.90
EMP0425,Daniel,Brown,DanielBrown@meridianpharma.com,DC015,Shift Supervisor,1/23/2015,47550.61
EMP0426,Sarah,Thomas,SarahThomas@meridianpharma.com,DC000,Inventory Clerk,3/22/2016,44393.14
EMP0427,Benjamin,Hernandez,BenjaminHernandez@meridianpharma.com,DC009,Cashier,3/31/2014,43164.23
EMP0428,Samuel,Cruz,SamuelCruz@meridianpharma.com,DC003,Pharmacist Liaison,5/17/2015,64005.83
EMP0429,Nancy,Kelly,NancyKelly@meridianpharma.com,DC024,Logistics Coordinator,7/26/2019,49898.49
EMP0430,Daniel,Rivera,DanielRivera@meridianpharma.com,DC006,Store Manager,2/20/2017,68415.07
EMP0431,Brandon,Richardson,BrandonRichardson@meridianpharma.com,DC021,Store Manager,8/6/2019,67605.41
EMP0432,Linda,Lopez,LindaLopez@meridianpharma.com,DC005,Logistics Coordinator,3/27/2016,62345.85
EMP0433,Ashley,Cooper,AshleyCooper@meridianpharma.com,DC013,Pharmacist Liaison,5/19/2019,77003.01
EMP0434,Larry,Cook,LarryCook@meridianpharma.com,DC009,Inventory Clerk,4/17/2014,37502.68
EMP0435,Emily,Davis,EmilyDavis@meridianpharma.com,DC016,Pharmacist Liaison,8/7/2022,78025.31
EMP0436,Christopher,Gonzalez,ChristopherGonzalez@meridianpharma.com,DC008,Store Manager,12/26/2019,77227.59
EMP0437,Linda,Lewis,LindaLewis@meridianpharma.com,DC013,Pharmacist Liaison,6/27/2024,84635.86
EMP0438,Daniel,Walker,DanielWalker@meridianpharma.com,DC024,Pharmacist Liaison,4/1/2024,78221.47
EMP0439,Melissa,Reed,MelissaReed@meridianpharma.com,DC019,Shift Supervisor,5/21/2023,56202.70
EMP0440,Angela,Cooper,AngelaCooper@meridianpharma.com,DC016,Sales Associate,1/5/2015,45222.26
EMP0441,Robert,Ortiz,RobertOrtiz@meridianpharma.com,DC011,Shift Supervisor,1/17/2023,42096.55
EMP0442,Carol,Davis,CarolDavis@meridianpharma.com,,Inventory Clerk,9/7/2022,34664.07
EMP0443,George,Martinez,GeorgeMartinez@meridianpharma.com,DC022,Logistics Coordinator,7/28/2020,51350.95
EMP0444,Sarah,Lee,SarahLee@meridianpharma.com,DC014,Account Representative,4/13/2021,58624.00
EMP0445,Pamela,Ward,PamelaWard@meridianpharma.com,DC008,Inventory Clerk,3/30/2018,37338.14
EMP0446,Thomas,Thompson,ThomasThompson@meridianpharma.com,DC023,Logistics Coordinator,7/17/2023,69483.95
EMP0447,John,White,JohnWhite@meridianpharma.com,DC020,Shift Supervisor,3/4/2021,49253.30
EMP0448,Charles,Nelson,CharlesNelson@meridianpharma.com,DC008,Pharmacist Liaison,8/1/2017,67248.28
EMP0449,Barbara,Nelson,BarbaraNelson@meridianpharma.com,DC009,Shift Supervisor,10/19/2016,51352.75
EMP0450,Susan,Smith,SusanSmith@meridianpharma.com,DC015,Logistics Coordinator,11/13/2024,52676.67
EMP0451,Timothy,Hall,TimothyHall@meridianpharma.com,DC004,Account Representative,11/5/2022,70297.48
EMP0452,Rachel,Lewis,RachelLewis@meridianpharma.com,DC003,Sales Associate,4/22/2017,44565.42
EMP0453,Susan,Martinez,SusanMartinez@meridianpharma.com,DC013,Inventory Clerk,3/18/2022,34173.78
EMP0454,Barbara,Baker,BarbaraBaker@meridianpharma.com,DC020,Account Representative,11/25/2021,52511.70
EMP0455,Nancy,Cox,NancyCox@meridianpharma.com,DC006,Sales Associate,2/19/2015,50225.92
EMP0456,Jason,Peterson,JasonPeterson@meridianpharma.com,DC024,Store Manager,5/29/2021,64500.25
EMP0457,Michael,Gomez,MichaelGomez@meridianpharma.com,DC016,Inventory Clerk,8/12/2014,38075.31
EMP0458,Donna,Kim,DonnaKim@meridianpharma.com,DC004,Sales Associate,4/27/2016,47309.15
EMP0459,David,Stewart,DavidStewart@meridianpharma.com,DC010,Logistics Coordinator,4/13/2019,59228.67
EMP0460,Barbara,Cooper,BarbaraCooper@meridianpharma.com,DC012,Logistics Coordinator,2/22/2018,53087.63
EMP0461,Jeffrey,Reyes,JeffreyReyes@meridianpharma.com,DC009,Sales Associate,9/12/2015,57890.68
EMP0462,David,Hall,DavidHall@meridianpharma.com,DC014,Shift Supervisor,3/17/2020,40953.18
EMP0463,Eric,Turner,EricTurner@meridianpharma.com,DC022,Account Representative,6/3/2020,70673.31
EMP0464,David,Gomez,DavidGomez@meridianpharma.com,DC023,Sales Associate,8/19/2019,54596.20
EMP0465,Emma,Richardson,EmmaRichardson@meridianpharma.com,DC015,Inventory Clerk,8/23/2024,46586.62
EMP0466,Matthew,Taylor,MatthewTaylor@meridianpharma.com,DC003,Logistics Coordinator,4/7/2016,69544.57
EMP0467,Scott,King,ScottKing@meridianpharma.com,DC024,Cashier,12/23/2014,35490.05
EMP0468,Carol,Scott,CarolScott@meridianpharma.com,DC001,Logistics Coordinator,4/6/2015,57713.18
EMP0469,Nicole,Howard,NicoleHoward@meridianpharma.com,DC004,Cashier,4/23/2020,40422.26
EMP0470,Jonathan,Hall,JonathanHall@meridianpharma.com,DC009,Logistics Coordinator,5/6/2021,59157.37
EMP0471,John,Thompson,JohnThompson@meridianpharma.com,DC005,Logistics Coordinator,6/8/2014,57334.59
EMP0472,Alexander,Walker,AlexanderWalker@meridianpharma.com,DC016,Store Manager,1/23/2024,66664.09
EMP0473,Joshua,Flores,JoshuaFlores@meridianpharma.com,DC016,Cashier,11/27/2024,41548.14
EMP0474,Maria,Cruz,MariaCruz@meridianpharma.com,DC011,Store Manager,3/5/2022,67719.19
EMP0475,Matthew,Cruz,MatthewCruz@meridianpharma.com,DC014,Account Representative,7/8/2022,62877.31
EMP0476,Linda,Rogers,LindaRogers@meridianpharma.com,DC003,Store Manager,12/16/2021,69861.73
EMP0477,Anna,Reed,AnnaReed@meridianpharma.com,DC000,Shift Supervisor,5/22/2023,40897.97
EMP0478,Michael,Campbell,MichaelCampbell@meridianpharma.com,DC009,Pharmacist Liaison,3/28/2023,74923.26
EMP0479,Jessica,Brown,JessicaBrown@meridianpharma.com,DC016,Account Representative,12/29/2015,72357.11
EMP0480,Stephen,Hall,StephenHall@meridianpharma.com,DC009,Cashier,3/13/2017,30945.88
EMP0481,Emma,Ramirez,EmmaRamirez@meridianpharma.com,DC021,Shift Supervisor,8/7/2021,43350.72
EMP0482,Shirley,Williams,ShirleyWilliams@meridianpharma.com,DC022,Sales Associate,4/26/2019,60789.58
EMP0483,Scott,Johnson,ScottJohnson@meridianpharma.com,DC020,Store Manager,12/29/2021,80815.18
EMP0484,Edward,Carter,EdwardCarter@meridianpharma.com,DC015,Store Manager,6/12/2016,68907.41
EMP0485,Samantha,Gomez,SamanthaGomez@meridianpharma.com,DC001,Pharmacist Liaison,4/18/2020,79666.16
EMP0486,Joshua,Wilson,JoshuaWilson@meridianpharma.com,DC011,Store Manager,3/8/2021,65538.26
EMP0487,Christine,Hill,ChristineHill@meridianpharma.com,DC017,Shift Supervisor,2/3/2024,40883.94
EMP0488,Scott,Phillips,ScottPhillips@meridianpharma.com,DC022,Inventory Clerk,2/2/2022,33497.46
EMP0489,Donna,King,DonnaKing@meridianpharma.com,DC013,Logistics Coordinator,4/6/2022,50016.98
EMP0490,Emma,Harris,EmmaHarris@meridianpharma.com,DC023,Shift Supervisor,9/12/2021,48744.75
EMP0491,Debra,Rivera,DebraRivera@meridianpharma.com,DC006,Inventory Clerk,4/18/2017,34482.28
EMP0492,Kimberly,Bailey,KimberlyBailey@meridianpharma.com,DC006,Pharmacist Liaison,5/4/2021,65212.87
EMP0493,Maria,Flores,MariaFlores@meridianpharma.com,DC011,Pharmacist Liaison,12/3/2016,78066.28
EMP0494,Jessica,Stewart,JessicaStewart@meridianpharma.com,DC021,Cashier,4/19/2019,41806.77
EMP0495,Rachel,Carter,RachelCarter@meridianpharma.com,DC014,Sales Associate,10/7/2023,59747.16
EMP0496,Betty,Baker,BettyBaker@meridianpharma.com,DC019,Account Representative,8/10/2015,58604.79
EMP0497,David,Morales,DavidMorales@meridianpharma.com,DC006,Pharmacist Liaison,2/11/2021,64402.55
EMP0498,Anthony,Perez,AnthonyPerez@meridianpharma.com,DC006,Account Representative,10/22/2022,68152.20
EMP0499,Brandon,Parker,BrandonParker@meridianpharma.com,DC013,Logistics Coordinator,10/28/2024,
EMP0500,Jonathan,Sanchez,JonathanSanchez@meridianpharma.com,DC001,Pharmacist Liaison,6/28/2022,84480.62
EMP0501,Frank,Smith,FrankSmith@meridianpharma.com,DC008,Shift Supervisor,10/11/2021,54376.41
EMP0502,Susan,Roberts,SusanRoberts@meridianpharma.com,DC010,Inventory Clerk,9/25/2014,44395.47
EMP0503,Donna,Collins,DonnaCollins@meridianpharma.com,DC020,Pharmacist Liaison,11/12/2018,85898.53
EMP0504,Amanda,Morales,AmandaMorales@meridianpharma.com,DC007,Inventory Clerk,8/19/2024,45529.11
EMP0505,Robert,Robinson,RobertRobinson@meridianpharma.com,DC005,Shift Supervisor,3/26/2022,40310.47
EMP0506,Jessica,Campbell,JessicaCampbell@meridianpharma.com,DC002,Logistics Coordinator,10/31/2023,62298.52
EMP0507,Samantha,Miller,SamanthaMiller@meridianpharma.com,DC002,Cashier,5/1/2021,41135.11
EMP0508,Joseph,Turner,JosephTurner@meridianpharma.com,DC004,Store Manager,4/28/2019,74504.46
EMP0509,Rachel,Johnson,RachelJohnson@meridianpharma.com,DC022,Cashier,6/6/2021,37155.90
EMP0510,Carolyn,Moore,CarolynMoore@meridianpharma.com,DC004,Cashier,3/3/2017,32036.56
EMP0511,Betty,Cox,BettyCox@meridianpharma.com,DC009,Shift Supervisor,1/6/2018,51521.53
EMP0512,Jennifer,Peterson,JenniferPeterson@meridianpharma.com,DC007,Account Representative,9/16/2017,
EMP0513,Barbara,Anderson,BarbaraAnderson@meridianpharma.com,DC022,Account Representative,9/3/2015,72120.67
EMP0514,Elizabeth,Gonzalez,ElizabethGonzalez@meridianpharma.com,DC021,Shift Supervisor,2/14/2019,56213.55
EMP0515,Kathleen,Miller,KathleenMiller@meridianpharma.com,DC006,Sales Associate,7/23/2023,49488.32
EMP0516,Kenneth,Diaz,KennethDiaz@meridianpharma.com,DC004,Sales Associate,2/9/2014,59706.38
EMP0517,Nancy,Nelson,NancyNelson@meridianpharma.com,DC015,Store Manager,11/8/2023,75247.02
EMP0518,Amanda,White,AmandaWhite@meridianpharma.com,DC013,Account Representative,1/18/2017,69692.37
EMP0519,Amy,Turner,AmyTurner@meridianpharma.com,DC006,Cashier,6/27/2015,39371.74
EMP0520,Christopher,Wilson,ChristopherWilson@meridianpharma.com,DC019,Account Representative,12/31/2022,63996.94
EMP0521,Brandon,Carter,BrandonCarter@meridianpharma.com,DC020,Sales Associate,9/4/2023,56657.25
EMP0522,Thomas,Morris,ThomasMorris@meridianpharma.com,DC004,Logistics Coordinator,12/11/2018,50233.24
EMP0523,Kenneth,Johnson,KennethJohnson@meridianpharma.com,DC022,Shift Supervisor,12/19/2024,55672.28
EMP0524,Eric,Gutierrez,EricGutierrez@meridianpharma.com,DC020,Cashier,11/8/2018,38937.59
EMP0525,Brian,Roberts,BrianRoberts@meridianpharma.com,DC018,Sales Associate,2/17/2014,55909.86
EMP0526,Jacob,Murphy,JacobMurphy@meridianpharma.com,DC003,Account Representative,8/6/2017,56993.04
EMP0527,Michael,Cook,MichaelCook@meridianpharma.com,DC021,Logistics Coordinator,7/10/2018,65887.20
EMP0528,Jeffrey,Kelly,JeffreyKelly@meridianpharma.com,DC016,Account Representative,7/18/2017,54384.39
EMP0529,Christine,Williams,ChristineWilliams@meridianpharma.com,DC014,Sales Associate,4/1/2020,54193.60
EMP0530,Helen,Richardson,HelenRichardson@meridianpharma.com,DC017,Shift Supervisor,5/5/2021,50995.75
EMP0531,George,Miller,GeorgeMiller@meridianpharma.com,DC015,Pharmacist Liaison,4/13/2020,82776.08
EMP0532,Janet,Campbell,JanetCampbell@meridianpharma.com,DC004,Cashier,7/8/2022,
EMP0533,Melissa,Nguyen,MelissaNguyen@meridianpharma.com,DC012,Cashier,7/7/2014,41900.65
EMP0534,Janet,Evans,JanetEvans@meridianpharma.com,DC020,Shift Supervisor,2/8/2016,41936.27
EMP0535,Margaret,Collins,MargaretCollins@meridianpharma.com,DC007,Pharmacist Liaison,3/18/2015,82510.17
EMP0536,Katherine,Ramos,KatherineRamos@meridianpharma.com,DC015,Account Representative,5/21/2021,64431.90
EMP0537,Angela,Smith,AngelaSmith@meridianpharma.com,DC002,Logistics Coordinator,5/29/2023,61177.95
EMP0538,Daniel,Howard,DanielHoward@meridianpharma.com,DC005,Cashier,5/6/2018,38884.77
EMP0539,Carol,Cook,CarolCook@meridianpharma.com,DC014,Shift Supervisor,1/25/2017,46494.96
EMP0540,Donna,Edwards,DonnaEdwards@meridianpharma.com,DC005,Logistics Coordinator,10/3/2020,63510.29
EMP0541,Joshua,Peterson,JoshuaPeterson@meridianpharma.com,DC023,Shift Supervisor,4/2/2016,43399.77
EMP0542,Rachel,Hall,RachelHall@meridianpharma.com,DC005,Inventory Clerk,8/26/2019,40555.01
EMP0543,Raymond,Anderson,RaymondAnderson@meridianpharma.com,DC018,Account Representative,7/15/2020,64033.13
EMP0544,Sharon,Morgan,SharonMorgan@meridianpharma.com,DC014,Sales Associate,11/12/2019,46137.76
EMP0545,Michael,Davis,MichaelDavis@meridianpharma.com,DC006,Store Manager,8/31/2021,63763.35
EMP0546,Alexander,Nguyen,AlexanderNguyen@meridianpharma.com,DC018,Sales Associate,1/9/2018,59015.28
EMP0547,Frank,Bailey,FrankBailey@meridianpharma.com,DC024,Logistics Coordinator,8/31/2016,59671.72
EMP0548,Carolyn,Torres,CarolynTorres@meridianpharma.com,DC002,Logistics Coordinator,5/7/2018,57756.29
EMP0549,Rachel,Green,RachelGreen@meridianpharma.com,DC002,Sales Associate,5/5/2022,48774.41
EMP0550,Jeffrey,Lewis,JeffreyLewis@meridianpharma.com,DC023,Pharmacist Liaison,6/20/2022,78139.18
EMP0551,Betty,Harris,BettyHarris@meridianpharma.com,DC006,Cashier,2/5/2016,42727.19
EMP0552,Jessica,Carter,JessicaCarter@meridianpharma.com,DC009,Store Manager,6/17/2015,61630.11
EMP0553,James,Nelson,JamesNelson@meridianpharma.com,DC005,Sales Associate,9/22/2015,61101.03
EMP0554,Benjamin,Ward,BenjaminWard@meridianpharma.com,DC010,Account Representative,11/10/2022,64076.65
EMP0555,Raymond,Green,RaymondGreen@meridianpharma.com,DC006,Cashier,10/26/2022,36964.77
EMP0556,Jonathan,Phillips,JonathanPhillips@meridianpharma.com,DC008,Shift Supervisor,6/10/2021,45409.48
EMP0557,Margaret,Richardson,MargaretRichardson@meridianpharma.com,DC018,Sales Associate,4/15/2015,56374.68
EMP0558,Samuel,Ward,SamuelWard@meridianpharma.com,DC008,Sales Associate,8/27/2021,60319.01
EMP0559,Joseph,Roberts,JosephRoberts@meridianpharma.com,DC024,Store Manager,4/12/2014,79489.80
EMP0560,Deborah,Rogers,DeborahRogers@meridianpharma.com,DC015,Account Representative,6/29/2014,58178.87
EMP0561,Carol,Rogers,CarolRogers@meridianpharma.com,DC004,Inventory Clerk,11/23/2024,46203.17
EMP0562,James,Rodriguez,JamesRodriguez@meridianpharma.com,DC021,Shift Supervisor,9/13/2023,51224.92
EMP0563,Anthony,Morgan,AnthonyMorgan@meridianpharma.com,DC024,Logistics Coordinator,4/2/2021,65880.11
EMP0564,Rachel,Martin,RachelMartin@meridianpharma.com,DC0,Sales Associate,12/25/2014,45533.11
EMP0565,Steven,Bailey,StevenBailey@meridianpharma.com,DC008,Store Manager,7/28/2018,67035.18
EMP0566,Laura,Green,LauraGreen@meridianpharma.com,DC999,Sales Associate,3/12/2021,57309.20
EMP0567,Maria,Howard,MariaHoward@meridianpharma.com,DC003,Pharmacist Liaison,5/29/2024,75923.48
EMP0568,Rachel,Hill,RachelHill@meridianpharma.com,DC010,Account Representative,4/12/2018,60285.67
EMP0569,Jacob,Lee,JacobLee@meridianpharma.com,DC005,Logistics Coordinator,12/8/2022,65488.94
EMP0570,Katherine,Jackson,KatherineJackson@meridianpharma.com,DC024,Pharmacist Liaison,9/26/2024,87491.15
EMP0571,Pamela,Jackson,PamelaJackson@meridianpharma.com,DC001,Logistics Coordinator,1/10/2020,60414.77
EMP0572,Anthony,Hall,AnthonyHall@meridianpharma.com,DC021,Inventory Clerk,10/22/2015,35661.50
EMP0573,Steven,Harris,StevenHarris@meridianpharma.com,DC022,Sales Associate,7/20/2023,57868.96
EMP0574,Stephen,Reyes,StephenReyes@meridianpharma.com,DC003,Store Manager,7/14/2021,59403.23
EMP0575,Patrick,Howard,PatrickHoward@meridianpharma.com,DC011,Pharmacist Liaison,6/10/2015,80286.56
EMP0576,Andrew,Richardson,AndrewRichardson@meridianpharma.com,DC007,Pharmacist Liaison,6/14/2019,74571.73
EMP0577,Michelle,Howard,MichelleHoward@meridianpharma.com,DC019,Pharmacist Liaison,1/22/2023,71093.03
EMP0578,James,Green,JamesGreen@meridianpharma.com,DC008,Logistics Coordinator,2/7/2017,66354.23
EMP0579,Catherine,Nelson,CatherineNelson@meridianpharma.com,DC015,Account Representative,1/9/2018,68391.27
EMP0580,Susan,Thompson,SusanThompson@meridianpharma.com,DC003,Store Manager,8/19/2023,77469.36
EMP0581,Betty,King,BettyKing@meridianpharma.com,DC021,Cashier,2/27/2022,
EMP0582,Nicholas,Brown,NicholasBrown@meridianpharma.com,DC019,Logistics Coordinator,8/17/2022,61277.74
EMP0583,Stephen,King,StephenKing@meridianpharma.com,DC018,Account Representative,5/2/2021,68400.46
EMP0584,Mark,Ramos,MarkRamos@meridianpharma.com,DC010,Inventory Clerk,3/19/2019,39990.33
EMP0585,George,Cook,GeorgeCook@meridianpharma.com,DC000,Inventory Clerk,6/29/2022,40167.97
EMP0586,Daniel,Reed,DanielReed@meridianpharma.com,DC022,Inventory Clerk,4/3/2022,43141.86
EMP0587,Jennifer,Lewis,JenniferLewis@meridianpharma.com,DC008,Cashier,12/18/2016,35254.88
EMP0588,Anthony,Gutierrez,AnthonyGutierrez@meridianpharma.com,DC012,Logistics Coordinator,4/8/2019,67933.41
EMP0589,Jennifer,Adams,JenniferAdams@meridianpharma.com,DC017,Store Manager,5/13/2023,75457.45
EMP0590,Larry,Thompson,LarryThompson@meridianpharma.com,DC013,Pharmacist Liaison,8/4/2020,79821.42
EMP0591,Eric,Allen,EricAllen@meridianpharma.com,DC008,Logistics Coordinator,12/16/2017,65889.91
EMP0592,Amy,Cox,AmyCox@meridianpharma.com,DC000,Account Representative,11/10/2015,56760.30
EMP0593,Emily,Ramirez,EmilyRamirez@meridianpharma.com,DC006,Pharmacist Liaison,10/1/2020,81478.14
EMP0594,Sandra,Turner,SandraTurner@meridianpharma.com,DC024,Cashier,5/27/2019,39107.89
EMP0595,Nicole,Lee,NicoleLee@meridianpharma.com,DC014,Sales Associate,9/25/2016,44985.23
EMP0596,Christopher,Moore,ChristopherMoore@meridianpharma.com,DC002,Inventory Clerk,8/18/2014,35420.56
EMP0597,Eric,Phillips,EricPhillips@meridianpharma.com,DC019,Sales Associate,11/8/2023,57295.76
EMP0598,Andrew,Hernandez,AndrewHernandez@meridianpharma.com,DC020,Account Representative,9/23/2023,62133.62
EMP0599,Jason,Kim,JasonKim@meridianpharma.com,DC019,Inventory Clerk,12/27/2020,42154.21
EMP0600,Patrick,Baker,PatrickBaker@meridianpharma.com,DC020,Cashier,7/30/2016,35365.46
EMP0601,Robert,Sanchez,RobertSanchez@meridianpharma.com,DC017,Logistics Coordinator,4/9/2023,52336.09
EMP0602,Jacob,Ward,JacobWard@meridianpharma.com,DC018,Cashier,1/17/2015,36676.24
EMP0603,Helen,Cooper,HelenCooper@meridianpharma.com,DC022,Logistics Coordinator,11/9/2019,57839.89
EMP0604,Carolyn,Ortiz,CarolynOrtiz@meridianpharma.com,DC016,Logistics Coordinator,12/6/2017,61257.68
EMP0605,Carolyn,Kelly,CarolynKelly@meridianpharma.com,DC005,Store Manager,5/9/2019,76027.44
EMP0606,David,Torres,DavidTorres@meridianpharma.com,DC018,Logistics Coordinator,11/21/2016,53137.13
EMP0607,James,Kelly,JamesKelly@meridianpharma.com,DC017,Sales Associate,3/17/2018,56112.74
EMP0608,Kenneth,Evans,KennethEvans@meridianpharma.com,DC005,Logistics Coordinator,4/22/2021,61183.01
EMP0609,Jonathan,Diaz,JonathanDiaz@meridianpharma.com,DC020,Store Manager,8/19/2021,67259.41
EMP0610,Stephen,Bailey,StephenBailey@meridianpharma.com,DC012,Account Representative,11/5/2016,72954.65
EMP0611,Raymond,Gomez,RaymondGomez@meridianpharma.com,DC022,Cashier,5/22/2022,33495.12
EMP0612,Christopher,Gonzalez,ChristopherGonzalez@meridianpharma.com,DC013,Pharmacist Liaison,12/25/2022,77159.92
EMP0613,Raymond,Miller,RaymondMiller@meridianpharma.com,DC021,Sales Associate,1/8/2023,45857.81
EMP0614,Scott,Parker,ScottParker@meridianpharma.com,DC009,Shift Supervisor,2/27/2018,41266.65
EMP0615,Stephanie,Phillips,StephaniePhillips@meridianpharma.com,DC017,Store Manager,12/24/2021,80732.01
EMP0616,Daniel,Murphy,DanielMurphy@meridianpharma.com,DC007,Store Manager,3/8/2016,58599.90
EMP0617,Eric,Robinson,EricRobinson@meridianpharma.com,DC022,Sales Associate,1/13/2018,
EMP0618,Christopher,Lopez,ChristopherLopez@meridianpharma.com,DC013,Pharmacist Liaison,7/5/2021,73134.21
EMP0619,Eric,Johnson,EricJohnson@meridianpharma.com,DC003,Cashier,3/1/2020,34184.62
EMP0620,Justin,Hall,JustinHall@meridianpharma.com,DC009,Shift Supervisor,10/19/2020,55792.29
EMP0621,Rebecca,Kelly,RebeccaKelly@meridianpharma.com,DC000,Logistics Coordinator,9/5/2019,51461.24
EMP0622,Donna,Baker,DonnaBaker@meridianpharma.com,DC017,Store Manager,10/29/2023,70602.10
EMP0623,Steven,Cruz,StevenCruz@meridianpharma.com,DC019,Account Representative,8/20/2022,57043.88
EMP0624,Ryan,Collins,RyanCollins@meridianpharma.com,DC001,Account Representative,4/22/2015,57354.45
EMP0625,Mark,Robinson,MarkRobinson@meridianpharma.com,DC014,Pharmacist Liaison,10/17/2019,76773.38
EMP0626,Kimberly,Young,KimberlyYoung@meridianpharma.com,DC013,Pharmacist Liaison,11/8/2014,77262.88
EMP0627,Kenneth,Rivera,KennethRivera@meridianpharma.com,DC019,Store Manager,1/19/2016,80341.41
EMP0628,Matthew,Murphy,MatthewMurphy@meridianpharma.com,DC008,Shift Supervisor,10/15/2023,44315.92
EMP0629,Ashley,Richardson,AshleyRichardson@meridianpharma.com,DC004,Cashier,4/27/2024,31588.94
EMP0630,Angela,Ward,AngelaWard@meridianpharma.com,,Sales Associate,7/6/2023,52977.72
EMP0631,Angela,Kelly,AngelaKelly@meridianpharma.com,DC016,Inventory Clerk,7/28/2022,45653.49
EMP0632,Mark,Kelly,MarkKelly@meridianpharma.com,DC017,Logistics Coordinator,5/14/2019,68374.98
EMP0633,Brian,Gomez,BrianGomez@meridianpharma.com,DC006,Account Representative,12/13/2024,54419.86
EMP0634,Kenneth,Johnson,KennethJohnson@meridianpharma.com,DC000,Logistics Coordinator,7/7/2020,51345.18
EMP0635,Kimberly,White,KimberlyWhite@meridianpharma.com,DC008,Store Manager,4/15/2019,80612.94
EMP0636,Lisa,Murphy,LisaMurphy@meridianpharma.com,DC014,Pharmacist Liaison,2/4/2018,85027.05
EMP0637,Lisa,Kelly,LisaKelly@meridianpharma.com,DC019,Shift Supervisor,2/17/2023,41592.86
EMP0638,Donald,Bailey,DonaldBailey@meridianpharma.com,DC013,Shift Supervisor,8/21/2015,53110.62
EMP0639,Jacob,Johnson,JacobJohnson@meridianpharma.com,DC016,Inventory Clerk,1/7/2024,44744.17
EMP0640,Patrick,Green,PatrickGreen@meridianpharma.com,DC010,Store Manager,4/21/2020,78232.35
EMP0641,Richard,Lee,RichardLee@meridianpharma.com,DC009,Account Representative,5/30/2023,65297.56
EMP0642,Kevin,King,KevinKing@meridianpharma.com,DC018,Store Manager,11/10/2017,58272.08
EMP0643,Frank,Cox,FrankCox@meridianpharma.com,DC019,Inventory Clerk,12/25/2024,43801.22
EMP0644,Frank,Rogers,FrankRogers@meridianpharma.com,DC024,Account Representative,12/23/2023,53524.00
EMP0645,Kathleen,Jackson,KathleenJackson@meridianpharma.com,DC021,Pharmacist Liaison,9/24/2018,79249.98
EMP0646,Elizabeth,Hernandez,ElizabethHernandez@meridianpharma.com,DC008,Pharmacist Liaison,7/21/2017,79813.04
EMP0647,Helen,Gomez,HelenGomez@meridianpharma.com,DC015,Pharmacist Liaison,5/22/2022,78101.22
EMP0648,Jason,Perez,JasonPerez@meridianpharma.com,DC001,Inventory Clerk,2/28/2022,36352.66
EMP0649,Maria,Hernandez,MariaHernandez@meridianpharma.com,DC013,Cashier,1/27/2015,31403.78
EMP0650,Stephen,Miller,StephenMiller@meridianpharma.com,,Cashier,3/2/2015,33906.90
EMP0651,Christine,Roberts,ChristineRoberts@meridianpharma.com,DC008,Store Manager,12/21/2018,72710.24
EMP0652,Nancy,Brown,NancyBrown@meridianpharma.com,DC012,Pharmacist Liaison,9/10/2023,75232.41
EMP0653,Brenda,Wright,BrendaWright@meridianpharma.com,DC005,Inventory Clerk,8/17/2020,41307.02
EMP0654,Katherine,Reed,KatherineReed@meridianpharma.com,DC021,Store Manager,3/11/2024,66062.61
EMP0655,Barbara,Cruz,BarbaraCruz@meridianpharma.com,DC014,Store Manager,9/30/2015,
EMP0656,Sarah,Hall,SarahHall@meridianpharma.com,DC018,Sales Associate,9/18/2021,60982.01
EMP0657,Amy,Hill,AmyHill@meridianpharma.com,,Store Manager,9/11/2020,
EMP0658,Deborah,Harris,DeborahHarris@meridianpharma.com,DC018,Logistics Coordinator,6/5/2018,54372.89
EMP0659,Samuel,Roberts,SamuelRoberts@meridianpharma.com,DC008,Store Manager,11/21/2014,67849.30
EMP0660,Brandon,Wright,BrandonWright@meridianpharma.com,DC024,Store Manager,8/19/2018,62274.41
EMP0661,Sarah,Nguyen,SarahNguyen@meridianpharma.com,DC015,Account Representative,1/19/2017,66805.09
EMP0662,Carol,Williams,CarolWilliams@meridianpharma.com,DC018,Sales Associate,2/1/2016,61896.45
EMP0663,Thomas,Cruz,ThomasCruz@meridianpharma.com,DC008,Cashier,9/10/2015,30785.53
EMP0664,Sharon,Flores,SharonFlores@meridianpharma.com,DC016,Pharmacist Liaison,3/15/2019,80950.61
EMP0665,David,Jackson,DavidJackson@meridianpharma.com,DC013,Cashier,2/3/2020,36523.85
EMP0666,Steven,Carter,StevenCarter@meridianpharma.com,DC004,Shift Supervisor,4/26/2018,52636.66
EMP0667,Jack,Jones,JackJones@meridianpharma.com,DC024,Cashier,11/5/2019,38991.70
EMP0668,Stephanie,Flores,StephanieFlores@meridianpharma.com,DC006,Sales Associate,5/9/2022,61261.06
EMP0669,Steven,Morris,StevenMorris@meridianpharma.com,DC007,Pharmacist Liaison,12/15/2023,64249.07
EMP0670,Joseph,Walker,JosephWalker@meridianpharma.com,DC011,Sales Associate,11/17/2015,58657.91
EMP0671,Ronald,Young,RonaldYoung@meridianpharma.com,DC999,Account Representative,9/20/2021,64579.13
EMP0672,Barbara,Young,BarbaraYoung@meridianpharma.com,DC003,Pharmacist Liaison,6/9/2024,88013.98
EMP0673,Linda,Davis,LindaDavis@meridianpharma.com,DC005,Cashier,5/31/2015,36746.82
EMP0674,Pamela,Hall,PamelaHall@meridianpharma.com,DC015,Shift Supervisor,3/29/2014,51288.16
EMP0675,Sarah,Allen,SarahAllen@meridianpharma.com,DC016,Account Representative,4/8/2020,58142.16
EMP0676,Matthew,Reed,MatthewReed@meridianpharma.com,DC012,Pharmacist Liaison,3/19/2022,75031.42
EMP0677,Scott,Peterson,ScottPeterson@meridianpharma.com,DC017,Inventory Clerk,1/15/2019,37185.93
EMP0678,George,Collins,GeorgeCollins@meridianpharma.com,,Logistics Coordinator,3/25/2022,
EMP0679,George,Richardson,GeorgeRichardson@meridianpharma.com,DC024,Cashier,5/20/2021,42786.26
EMP0680,Matthew,Ortiz,MatthewOrtiz@meridianpharma.com,DC018,Inventory Clerk,11/16/2020,37014.71
EMP0681,Carol,Anderson,CarolAnderson@meridianpharma.com,DC022,Cashier,6/29/2014,41123.44
EMP0682,John,Sanchez,JohnSanchez@meridianpharma.com,DC007,Cashier,5/11/2014,37794.75
EMP0683,Gregory,Morales,GregoryMorales@meridianpharma.com,DC023,Store Manager,7/21/2014,66519.23
EMP0684,Elizabeth,Johnson,ElizabethJohnson@meridianpharma.com,DC007,Account Representative,5/30/2024,70846.53
EMP0685,Katherine,Davis,KatherineDavis@meridianpharma.com,DC024,Logistics Coordinator,3/22/2023,56792.09
EMP0686,Brandon,Wright,BrandonWright@meridianpharma.com,DC024,Cashier,5/11/2023,34429.20
EMP0687,Eric,Gonzalez,EricGonzalez@meridianpharma.com,DC008,Logistics Coordinator,2/16/2016,53220.32
EMP0688,Larry,Thompson,LarryThompson@meridianpharma.com,DC018,Logistics Coordinator,5/15/2022,51441.94
EMP0689,Melissa,Collins,MelissaCollins@meridianpharma.com,DC014,Cashier,11/15/2015,40585.02
EMP0690,Nicholas,Baker,NicholasBaker@meridianpharma.com,DC018,Account Representative,6/20/2024,59372.12
EMP0691,Carol,Mitchell,CarolMitchell@meridianpharma.com,DC021,Logistics Coordinator,4/7/2023,64035.11
EMP0692,Larry,Cooper,LarryCooper@meridianpharma.com,DC018,Store Manager,1/14/2018,80687.31
EMP0693,Ronald,Smith,RonaldSmith@meridianpharma.com,DC010,Sales Associate,10/22/2019,46658.56
EMP0694,James,Hill,JamesHill@meridianpharma.com,DC007,Pharmacist Liaison,3/30/2014,82882.45
EMP0695,Emily,Peterson,EmilyPeterson@meridianpharma.com,DC019,Inventory Clerk,1/22/2015,33665.10
EMP0696,Sarah,King,SarahKing@meridianpharma.com,DC019,Shift Supervisor,8/12/2016,44165.21
EMP0697,Emma,Phillips,EmmaPhillips@meridianpharma.com,DC007,Cashier,2/11/2022,34691.12
EMP0698,Gary,Kelly,GaryKelly@meridianpharma.com,DC004,Store Manager,6/3/2014,75192.79
EMP0699,David,Davis,DavidDavis@meridianpharma.com,DC011,Pharmacist Liaison,11/13/2023,84063.97
EMP0700,Jessica,Robinson,JessicaRobinson@meridianpharma.com,DC020,Sales Associate,2/9/2021,58349.02
EMP0701,Michelle,Ortiz,MichelleOrtiz@meridianpharma.com,DC018,Inventory Clerk,8/31/2017,40007.78
EMP0702,Michael,Gomez,MichaelGomez@meridianpharma.com,DC020,Cashier,6/28/2016,36042.39
EMP0703,Charles,Taylor,CharlesTaylor@meridianpharma.com,DC016,Sales Associate,2/24/2020,51465.28
EMP0704,Nicholas,Parker,NicholasParker@meridianpharma.com,DC005,Inventory Clerk,5/24/2019,40784.39
EMP0705,Christine,Kelly,ChristineKelly@meridianpharma.com,DC020,Shift Supervisor,9/19/2016,41128.54
EMP0706,Carol,Kelly,CarolKelly@meridianpharma.com,DC022,Logistics Coordinator,10/1/2018,56714.93
EMP0707,Brian,Kim,BrianKim@meridianpharma.com,DC010,Inventory Clerk,12/3/2017,41561.42
EMP0708,Jeffrey,Richardson,JeffreyRichardson@meridianpharma.com,DC002,Shift Supervisor,3/28/2016,51224.16
EMP0709,Catherine,Hernandez,CatherineHernandez@meridianpharma.com,DC002,Shift Supervisor,8/22/2024,50165.49
EMP0710,Andrew,Johnson,AndrewJohnson@meridianpharma.com,DC004,Store Manager,1/18/2019,69014.33
EMP0711,Jack,Morgan,JackMorgan@meridianpharma.com,DC018,Store Manager,2/26/2020,69296.03
EMP0712,Charles,Williams,CharlesWilliams@meridianpharma.com,DC022,Sales Associate,11/12/2016,47299.82
EMP0713,Carolyn,Richardson,CarolynRichardson@meridianpharma.com,DC015,Sales Associate,9/30/2014,51273.34
EMP0714,Gregory,Campbell,GregoryCampbell@meridianpharma.com,DC001,Store Manager,9/23/2023,78824.98
EMP0715,Timothy,Rogers,TimothyRogers@meridianpharma.com,DC004,Pharmacist Liaison,6/9/2019,85349.41
EMP0716,Lisa,Sanchez,LisaSanchez@meridianpharma.com,DC015,Sales Associate,6/12/2014,48702.54
EMP0717,Kevin,Morales,KevinMorales@meridianpharma.com,DC006,Sales Associate,11/21/2017,56654.47
EMP0718,Joshua,Walker,JoshuaWalker@meridianpharma.com,DC017,Store Manager,2/8/2023,59275.83
EMP0719,Stephanie,Brown,StephanieBrown@meridianpharma.com,DC009,Shift Supervisor,9/14/2015,45572.38
EMP0720,Sarah,Lopez,SarahLopez@meridianpharma.com,DC017,Shift Supervisor,9/6/2018,43903.94
EMP0721,Michelle,Cox,MichelleCox@meridianpharma.com,DC018,Inventory Clerk,4/26/2016,42056.25
EMP0722,Rachel,Sanchez,RachelSanchez@meridianpharma.com,DC010,Inventory Clerk,10/28/2018,46741.11
EMP0723,Charles,Reed,CharlesReed@meridianpharma.com,DC011,Cashier,4/1/2020,37315.32
EMP0724,Lisa,Green,LisaGreen@meridianpharma.com,DC005,Sales Associate,8/2/2022,50000.11
EMP0725,Jason,Hill,JasonHill@meridianpharma.com,DC021,Store Manager,9/15/2015,76342.77
EMP0726,Lisa,Brown,LisaBrown@meridianpharma.com,DC020,Store Manager,10/16/2020,71295.63
EMP0727,Sandra,Robinson,SandraRobinson@meridianpharma.com,DC012,Cashier,9/19/2021,40425.81
EMP0728,Helen,Stewart,HelenStewart@meridianpharma.com,DC012,Inventory Clerk,7/23/2023,38438.83
EMP0729,Christopher,Harris,ChristopherHarris@meridianpharma.com,DC014,Sales Associate,5/18/2024,49111.43
EMP0730,Maria,Sanchez,MariaSanchez@meridianpharma.com,DC003,Inventory Clerk,5/25/2024,46181.64
EMP0731,Brandon,Morales,BrandonMorales@meridianpharma.com,DC015,Shift Supervisor,10/18/2018,46610.06
EMP0732,Jack,Carter,JackCarter@meridianpharma.com,DC013,Sales Associate,11/3/2019,46189.56
EMP0733,Jennifer,Young,JenniferYoung@meridianpharma.com,DC013,Sales Associate,4/3/2020,51250.64
EMP0734,Michael,Harris,MichaelHarris@meridianpharma.com,DC013,Store Manager,9/4/2022,77497.38
EMP0735,Edward,Nguyen,EdwardNguyen@meridianpharma.com,DC002,Inventory Clerk,3/14/2019,44478.05
EMP0736,Patrick,Cook,PatrickCook@meridianpharma.com,DC019,Inventory Clerk,5/30/2018,38795.08
EMP0737,Daniel,Collins,DanielCollins@meridianpharma.com,DC023,Shift Supervisor,11/24/2023,47429.54
EMP0738,Alexander,Lee,AlexanderLee@meridianpharma.com,DC004,Cashier,4/13/2015,39498.46
EMP0739,David,Ortiz,DavidOrtiz@meridianpharma.com,DC024,Inventory Clerk,4/1/2018,40662.22
EMP0740,Nancy,Nelson,NancyNelson@meridianpharma.com,DC022,Inventory Clerk,10/27/2015,45009.37
EMP0741,Janet,Miller,JanetMiller@meridianpharma.com,DC010,Account Representative,3/28/2017,65224.77
EMP0742,Thomas,Sanchez,ThomasSanchez@meridianpharma.com,DC0,Sales Associate,2/22/2019,53256.82
EMP0743,James,Cox,JamesCox@meridianpharma.com,DC008,Shift Supervisor,8/8/2020,50798.29
EMP0744,Jeffrey,Hernandez,JeffreyHernandez@meridianpharma.com,DC001,Shift Supervisor,11/23/2023,48953.77
EMP0745,Pamela,Clark,PamelaClark@meridianpharma.com,DC005,Sales Associate,4/29/2021,50552.16
EMP0746,John,Kelly,JohnKelly@meridianpharma.com,DC010,Pharmacist Liaison,4/27/2024,65171.50
EMP0747,Daniel,Lee,DanielLee@meridianpharma.com,DC020,Inventory Clerk,11/1/2024,39365.36
EMP0748,John,Lopez,JohnLopez@meridianpharma.com,DC011,Pharmacist Liaison,1/25/2024,72714.53
EMP0749,Edward,Peterson,EdwardPeterson@meridianpharma.com,DC016,Inventory Clerk,5/15/2015,42631.56
EMP0750,Anna,Evans,AnnaEvans@meridianpharma.com,DC023,Shift Supervisor,11/11/2020,40907.14
EMP0751,Benjamin,Ortiz,BenjaminOrtiz@meridianpharma.com,DC016,Store Manager,10/16/2018,72290.50
EMP0752,Anna,Kelly,AnnaKelly@meridianpharma.com,DC012,Inventory Clerk,11/21/2020,40829.96
EMP0753,Benjamin,Murphy,BenjaminMurphy@meridianpharma.com,DC006,Shift Supervisor,12/12/2021,44728.53
EMP0754,Jessica,Brown,JessicaBrown@meridianpharma.com,DC004,Shift Supervisor,12/20/2022,50071.82
EMP0755,Jennifer,Nelson,JenniferNelson@meridianpharma.com,DC021,Shift Supervisor,2/16/2014,50488.17
EMP0756,Steven,Rodriguez,StevenRodriguez@meridianpharma.com,DC017,Pharmacist Liaison,8/8/2022,63058.80
EMP0757,Amanda,Gomez,AmandaGomez@meridianpharma.com,DC020,Sales Associate,5/2/2023,47396.45
EMP0758,Amanda,Morris,AmandaMorris@meridianpharma.com,DC002,Inventory Clerk,5/27/2019,35271.02
EMP0759,Jonathan,Nelson,JonathanNelson@meridianpharma.com,DC014,Sales Associate,5/14/2023,53683.53
EMP0760,Frank,Green,FrankGreen@meridianpharma.com,DC001,Shift Supervisor,6/23/2020,51226.36
EMP0761,Melissa,Rodriguez,MelissaRodriguez@meridianpharma.com,DC009,Sales Associate,10/21/2017,62101.86
EMP0762,Nancy,Kelly,NancyKelly@meridianpharma.com,DC006,Cashier,9/12/2023,40457.53
EMP0763,Kenneth,Jones,KennethJones@meridianpharma.com,DC003,Account Representative,11/2/2023,56923.66
EMP0764,Joshua,Ramirez,JoshuaRamirez@meridianpharma.com,DC006,Cashier,3/13/2018,40490.29
EMP0765,Barbara,Cruz,BarbaraCruz@meridianpharma.com,DC016,Inventory Clerk,2/19/2016,37792.58
EMP0766,Anna,Flores,AnnaFlores@meridianpharma.com,DC005,Cashier,3/22/2023,42976.65
EMP0767,Thomas,Clark,ThomasClark@meridianpharma.com,DC015,Logistics Coordinator,1/2/2022,66855.65
EMP0768,Michelle,Garcia,MichelleGarcia@meridianpharma.com,DC020,Cashier,9/27/2017,36482.64
EMP0769,Eric,Flores,EricFlores@meridianpharma.com,DC0,Shift Supervisor,8/7/2017,43249.14
EMP0770,Jonathan,Green,JonathanGreen@meridianpharma.com,DC022,Cashier,1/21/2017,32481.44
EMP0771,Mary,Richardson,MaryRichardson@meridianpharma.com,DC004,Shift Supervisor,2/1/2020,45712.73
EMP0772,Charles,Torres,CharlesTorres@meridianpharma.com,DC006,Cashier,6/29/2017,38327.11
EMP0773,Jeffrey,Miller,JeffreyMiller@meridianpharma.com,DC016,Sales Associate,3/10/2015,51181.51
EMP0774,Ronald,Thompson,RonaldThompson@meridianpharma.com,DC019,Account Representative,11/29/2020,59442.58
EMP0775,Betty,Morgan,BettyMorgan@meridianpharma.com,DC015,Inventory Clerk,1/16/2015,44245.42
EMP0776,Kathleen,Gonzalez,KathleenGonzalez@meridianpharma.com,DC022,Account Representative,4/12/2019,56796.67
EMP0777,Brandon,King,BrandonKing@meridianpharma.com,DC013,Inventory Clerk,11/5/2021,45670.66
EMP0778,Carol,Collins,CarolCollins@meridianpharma.com,DC003,Account Representative,4/8/2015,59353.26
EMP0779,Nancy,Torres,NancyTorres@meridianpharma.com,DC020,Inventory Clerk,9/12/2019,34555.02
EMP0780,Susan,Adams,SusanAdams@meridianpharma.com,DC003,Store Manager,12/23/2019,68771.20
EMP0781,Donald,Richardson,DonaldRichardson@meridianpharma.com,DC006,Account Representative,4/22/2018,53260.38
EMP0782,Alexander,Ramos,AlexanderRamos@meridianpharma.com,DC014,Pharmacist Liaison,2/9/2020,80878.05
EMP0783,Debra,Martinez,DebraMartinez@meridianpharma.com,DC023,Account Representative,4/14/2015,64492.68
EMP0784,Pamela,Gonzalez,PamelaGonzalez@meridianpharma.com,DC006,Store Manager,9/20/2024,67457.89
EMP0785,Rachel,Kim,RachelKim@meridianpharma.com,DC013,Pharmacist Liaison,7/18/2019,79605.22
EMP0786,Margaret,Moore,MargaretMoore@meridianpharma.com,DC021,Sales Associate,6/28/2022,46870.40
EMP0787,Jonathan,Nguyen,JonathanNguyen@meridianpharma.com,DC019,Account Representative,3/12/2016,56240.88
EMP0788,Joshua,Reed,JoshuaReed@meridianpharma.com,DC022,Store Manager,4/20/2024,80251.33
EMP0789,Brian,Lopez,BrianLopez@meridianpharma.com,DC020,Logistics Coordinator,7/4/2023,51889.38
EMP0790,Deborah,Peterson,DeborahPeterson@meridianpharma.com,DC001,Pharmacist Liaison,3/26/2015,85206.32
EMP0791,Donald,Parker,DonaldParker@meridianpharma.com,DC013,Pharmacist Liaison,12/25/2021,72814.25
EMP0792,Brenda,Ramirez,BrendaRamirez@meridianpharma.com,DC016,Inventory Clerk,2/10/2016,40731.50
EMP0793,George,Turner,GeorgeTurner@meridianpharma.com,DC022,Inventory Clerk,7/5/2015,33308.38
EMP0794,Charles,Morales,CharlesMorales@meridianpharma.com,DC005,Cashier,7/17/2015,38692.26
EMP0795,Ryan,Cox,RyanCox@meridianpharma.com,DC020,Inventory Clerk,2/5/2019,40103.51
EMP0796,Cynthia,Roberts,CynthiaRoberts@meridianpharma.com,DC006,Logistics Coordinator,10/12/2020,49450.83
EMP0797,Catherine,Walker,CatherineWalker@meridianpharma.com,DC009,Logistics Coordinator,5/23/2024,60387.18
EMP0798,John,Reed,JohnReed@meridianpharma.com,DC012,Cashier,7/4/2020,36667.31
EMP0799,Charles,Ortiz,CharlesOrtiz@meridianpharma.com,DC009,Account Representative,10/19/2019,53520.31
EMP0800,Barbara,Young,BarbaraYoung@meridianpharma.com,DC024,Cashier,9/2/2021,38584.46
