employee_id,full_name
EMP0045,Edward Bailey
EMP0056,Jennifer Parker
EMP0082,Susan Howard
EMP0215,Nicholas Peterson
EMP0235,Donald Murphy
EMP0277,Donna Jones
EMP0312,Mark Jackson
EMP0326,Daniel Green
EMP0330,Ronald Adams
EMP0340,Sarah Hill
EMP0350,Laura Wilson
EMP0358,Laura Gomez
EMP0408,Sandra Rogers
EMP0426,Sarah Thomas
EMP0442,Carol Davis
EMP0477,Anna Reed
EMP0564,Rachel Martin
EMP0566,Laura Green
EMP0585,George Cook
EMP0592,Amy Cox
EMP0621,Rebecca Kelly
EMP0630,Angela Ward
EMP0634,Kenneth Johnson
EMP0650,Stephen Miller
EMP0657,Amy Hill
EMP0671,Ronald Young
EMP0678,George Collins
EMP0742,Thomas Sanchez
EMP0769,Eric Flores
