order_item_id,product_id,quantity,unit_price,value_affected
OI0000037,PRD999,19,$203.77,"$3,871.63"
OI0000180,PRD9999,35,$130.95,"$4,583.25"
OI0000268,PRD9999,29,$213.52,"$6,192.08"
OI0000320,PRD9999,24,$131.76,"$3,162.24"
OI0000417,PRD999,21,$76.42,"$1,604.82"
OI0000561,PRD9999,9,$27.35,$246.15
OI0000571,PRD9999,25,$136.53,"$3,413.25"
OI0000577,PRD999,34,$98.33,"$3,343.22"
OI0000603,PRD9999,8,$39.30,$314.40
OI0000633,PRD000,17,$207.85,"$3,533.45"
OI0000646,PRD000,9,$80.02,$720.18
OI0000726,PRD999,18,$147.65,"$2,657.70"
OI0000777,PRD000,11,$67.35,$740.85
OI0000842,PRD000,36,$184.89,"$6,656.04"
OI0000855,PRD999,3,$136.08,$408.24
OI0000904,PRD999,28,$62.95,"$1,762.60"
OI0000954,PRD999,31,$161.91,"$5,019.21"
OI0000997,PRD9999,28,$71.59,"$2,004.52"
OI0001004,PRD000,7,$80.61,$564.27
OI0001061,PRD9999,18,$8.35,$150.30
OI0001140,PRD9999,32,$128.88,"$4,124.16"
OI0001160,PRD000,35,$84.47,"$2,956.45"
OI0001188,PRD9999,7,$211.20,"$1,478.40"
OI0001292,PRD9999,33,$87.76,"$2,896.08"
OI0001310,PRD9999,32,$173.44,"$5,550.08"
OI0001339,PRD9999,25,$94.79,"$2,369.75"
OI0001361,PRD999,14,$138.30,"$1,936.20"
OI0001402,PRD9999,39,$15.21,$593.19
OI0001542,PRD9999,22,$24.67,$542.74
OI0001580,PRD999,36,$38.19,"$1,374.84"
OI0001599,PRD9999,9,$145.85,"$1,312.65"
OI0001618,PRD000,23,$155.07,"$3,566.61"
OI0001636,PRD9999,37,$210.33,"$7,782.21"
OI0001705,PRD000,40,$191.10,"$7,644.00"
OI0001819,PRD999,3,$32.18,$96.54
OI0001892,PRD000,-24,$24.37,-$584.88
OI0001919,PRD999,31,$114.43,"$3,547.33"
OI0001956,PRD999,25,$176.99,"$4,424.75"
OI0002056,PRD000,18,$214.89,"$3,868.02"
OI0002079,PRD999,4,$116.23,$464.92
OI0002184,PRD000,6,$223.19,"$1,339.14"
OI0002254,PRD000,14,$218.42,"$3,057.88"
OI0002381,PRD999,28,$192.80,"$5,398.40"
OI0002418,PRD999,2,$38.85,$77.70
OI0002510,PRD9999,-3,$170.67,-$512.01
OI0002519,PRD999,28,$100.48,"$2,813.44"
OI0002540,PRD000,30,$190.83,"$5,724.90"
OI0002684,PRD000,33,$71.10,"$2,346.30"
OI0002768,PRD9999,29,$221.86,"$6,433.94"
OI0002861,PRD999,29,$30.81,$893.49
OI0002864,PRD9999,38,$25.22,$958.36
OI0002966,PRD999,21,$170.80,"$3,586.80"
OI0002980,PRD000,19,$46.38,$881.22
OI0003096,PRD999,12,$7.14,$85.68
OI0003176,PRD9999,4,$107.40,$429.60
OI0003216,PRD999,16,$200.38,"$3,206.08"
OI0003254,PRD9999,31,$148.19,"$4,593.89"
OI0003313,PRD000,2,$69.97,$139.94
OI0003365,PRD999,24,$83.32,"$1,999.68"
OI0003400,PRD000,36,$71.82,"$2,585.52"
OI0003509,PRD999,5,$208.25,"$1,041.25"
OI0003514,PRD999,20,$178.71,"$3,574.20"
OI0003557,PRD9999,22,$25.17,$553.74
OI0003764,PRD9999,33,$212.29,"$7,005.57"
OI0003765,PRD000,3,$39.55,$118.65
OI0003799,PRD9999,13,$173.62,"$2,257.06"
OI0003856,PRD9999,15,$164.29,"$2,464.35"
OI0003889,PRD999,18,$91.59,"$1,648.62"
OI0003959,PRD000,36,$224.70,"$8,089.20"
OI0004025,PRD9999,-37,$46.67,"-$1,726.79"
OI0004115,PRD999,18,$156.14,"$2,810.52"
OI0004125,PRD999,39,$61.51,"$2,398.89"
OI0004144,PRD000,30,$59.46,"$1,783.80"
OI0004150,PRD000,32,$197.17,"$6,309.44"
OI0004184,PRD000,34,$65.15,"$2,215.10"
OI0004308,PRD999,15,$66.70,"$1,000.50"
OI0004310,PRD999,33,$100.64,"$3,321.12"
OI0004312,PRD000,31,$107.33,"$3,327.23"
OI0004436,PRD9999,1,$97.79,$97.79
OI0004483,PRD999,34,$85.79,"$2,916.86"
OI0004520,PRD999,16,$80.17,"$1,282.72"
OI0004522,PRD9999,39,$69.93,"$2,727.27"
OI0004524,PRD9999,23,$196.46,"$4,518.58"
OI0004528,PRD000,15,$172.31,"$2,584.65"
OI0004694,PRD9999,4,$149.08,$596.32
OI0004716,PRD9999,5,$150.98,$754.90
OI0004802,PRD000,15,$109.83,"$1,647.45"
OI0004836,PRD9999,34,$99.15,"$3,371.10"
OI0004858,PRD9999,17,$220.59,"$3,750.03"
OI0004863,PRD9999,23,$149.14,"$3,430.22"
OI0004891,PRD999,30,$38.60,"$1,158.00"
OI0005038,PRD000,12,$16.50,$198.00
OI0005121,PRD9999,20,$21.34,$426.80
OI0005146,PRD000,2,$126.70,$253.40
OI0005150,PRD000,15,$71.62,"$1,074.30"
OI0005156,PRD000,12,$102.17,"$1,226.04"
OI0005199,PRD9999,10,$203.23,"$2,032.30"
OI0005209,PRD999,39,$12.58,$490.62
OI0005242,PRD9999,22,$38.68,$850.96
OI0005244,PRD999,40,$239.07,"$9,562.80"
OI0005271,PRD000,36,$13.10,$471.60
OI0005272,PRD9999,38,$54.47,"$2,069.86"
OI0005280,PRD999,35,$162.04,"$5,671.40"
OI0005288,PRD9999,28,$121.60,"$3,404.80"
OI0005352,PRD000,23,$14.16,$325.68
OI0005354,PRD9999,31,$23.83,$738.73
OI0005444,PRD9999,33,$149.76,"$4,942.08"
OI0005487,PRD9999,28,$228.12,"$6,387.36"
OI0005575,PRD9999,35,$193.51,"$6,772.85"
OI0005638,PRD9999,2,$48.93,$97.86
OI0005759,PRD999,27,$150.63,"$4,067.01"
OI0005810,PRD9999,13,$91.30,"$1,186.90"
OI0005820,PRD9999,35,$106.97,"$3,743.95"
OI0005832,PRD999,11,$79.08,$869.88
OI0005834,PRD999,24,$143.00,"$3,432.00"
OI0005870,PRD9999,21,$225.07,"$4,726.47"
OI0005888,PRD000,35,$180.92,"$6,332.20"
OI0006134,PRD9999,17,$155.10,"$2,636.70"
OI0006147,PRD999,29,$73.42,"$2,129.18"
OI0006155,PRD999,34,$23.46,$797.64
OI0006170,PRD999,10,$97.73,$977.30
OI0006301,PRD999,32,$148.13,"$4,740.16"
OI0006322,PRD999,29,$101.89,"$2,954.81"
OI0006396,PRD999,4,$201.40,$805.60
OI0006442,PRD999,28,$143.91,"$4,029.48"
OI0006484,PRD999,2,$109.99,$219.98
OI0006499,PRD999,34,$202.41,"$6,881.94"
OI0006530,PRD999,7,$149.24,"$1,044.68"
OI0006555,PRD000,7,$31.89,$223.23
OI0006662,PRD000,4,$47.57,$190.28
OI0006709,PRD9999,40,$230.33,"$9,213.20"
OI0006728,PRD000,7,$215.43,"$1,508.01"
OI0006751,PRD9999,31,$58.50,"$1,813.50"
OI0006753,PRD999,24,$126.80,"$3,043.20"
OI0006756,PRD999,25,$201.20,"$5,030.00"
OI0006767,PRD999,20,$183.64,"$3,672.80"
OI0006783,PRD9999,-34,$129.86,"-$4,415.24"
OI0006824,PRD999,29,$172.27,"$4,995.83"
OI0006980,PRD999,15,$135.44,"$2,031.60"
OI0007040,PRD9999,34,$32.84,"$1,116.56"
OI0007094,PRD999,2,$223.02,$446.04
OI0007111,PRD000,35,$88.60,"$3,101.00"
OI0007217,PRD000,32,$22.77,$728.64
OI0007225,PRD999,14,$32.15,$450.10
OI0007354,PRD999,21,$83.87,"$1,761.27"
OI0007419,PRD999,19,$33.54,$637.26
OI0007426,PRD999,12,$203.88,"$2,446.56"
OI0007506,PRD9999,17,$177.03,"$3,009.51"
OI0007520,PRD999,32,$144.33,"$4,618.56"
OI0007525,PRD9999,7,$200.29,"$1,402.03"
OI0007561,PRD999,25,$157.34,"$3,933.50"
OI0007643,PRD000,38,$83.51,"$3,173.38"
OI0007646,PRD000,40,$72.03,"$2,881.20"
OI0007685,PRD999,28,$175.24,"$4,906.72"
OI0007785,PRD9999,31,$200.69,"$6,221.39"
OI0007804,PRD999,15,$130.55,"$1,958.25"
OI0007815,PRD000,13,$227.01,"$2,951.13"
OI0007853,PRD9999,28,$76.77,"$2,149.56"
OI0007888,PRD9999,2,$96.94,$193.88
OI0007894,PRD000,18,$23.02,$414.36
OI0007911,PRD999,20,$22.85,$457.00
OI0007989,PRD000,19,$191.75,"$3,643.25"
OI0008134,PRD000,5,$213.98,"$1,069.90"
OI0008173,PRD999,5,$153.40,$767.00
OI0008288,PRD9999,11,$223.63,"$2,459.93"
OI0008295,PRD9999,19,$154.90,"$2,943.10"
OI0008397,PRD000,20,$201.86,"$4,037.20"
OI0008440,PRD999,38,$32.88,"$1,249.44"
OI0008492,PRD9999,34,$211.91,"$7,204.94"
OI0008520,PRD9999,27,$127.84,"$3,451.68"
OI0008550,PRD999,12,$143.07,"$1,716.84"
OI0008667,PRD000,5,$53.47,$267.35
OI0008708,PRD999,1,$139.17,$139.17
OI0008718,PRD9999,23,$53.69,"$1,234.87"
OI0008765,PRD999,22,$94.76,"$2,084.72"
OI0008955,PRD000,34,$211.99,"$7,207.66"
OI0008980,PRD999,7,$119.91,$839.37
OI0009072,PRD999,28,$94.99,"$2,659.72"
OI0009119,PRD9999,32,$151.43,"$4,845.76"
OI0009165,PRD999,32,$165.22,"$5,287.04"
OI0009216,PRD999,35,$140.98,"$4,934.30"
OI0009274,PRD000,-21,$67.08,"-$1,408.68"
OI0009326,PRD000,4,$23.54,$94.16
OI0009362,PRD000,11,$33.89,$372.79
OI0009507,PRD000,28,$195.65,"$5,478.20"
OI0009598,PRD999,5,$202.46,"$1,012.30"
OI0009607,PRD9999,33,$51.87,"$1,711.71"
OI0009670,PRD9999,3,$77.44,$232.32
OI0009692,PRD000,39,$166.31,"$6,486.09"
OI0009834,PRD999,26,$81.22,"$2,111.72"
OI0009881,PRD999,28,$120.01,"$3,360.28"
OI0009997,PRD000,30,$118.43,"$3,552.90"
OI0010075,PRD000,20,$225.90,"$4,518.00"
OI0010143,PRD000,22,$146.27,"$3,217.94"
OI0010159,PRD9999,37,$22.57,$835.09
OI0010255,PRD9999,37,$28.87,"$1,068.19"
OI0010283,PRD9999,13,$28.11,$365.43
OI0010334,PRD000,37,$228.98,"$8,472.26"
OI0010399,PRD999,30,$114.85,"$3,445.50"
OI0010496,PRD000,22,$210.60,"$4,633.20"
OI0010530,PRD000,35,$158.45,"$5,545.75"
OI0010583,PRD000,18,$115.18,"$2,073.24"
OI0010625,PRD000,24,$21.44,$514.56
OI0010626,PRD000,4,$186.05,$744.20
OI0010811,PRD000,17,$236.10,"$4,013.70"
OI0010904,PRD9999,33,$73.02,"$2,409.66"
OI0010979,PRD9999,24,$73.70,"$1,768.80"
OI0010980,PRD9999,38,$161.39,"$6,132.82"
OI0011027,PRD9999,37,$155.88,"$5,767.56"
OI0011063,PRD999,29,$174.81,"$5,069.49"
OI0011151,PRD9999,38,$235.16,"$8,936.08"
OI0011250,PRD999,24,$200.87,"$4,820.88"
OI0011299,PRD999,15,$86.13,"$1,291.95"
OI0011313,PRD9999,33,$46.81,"$1,544.73"
OI0011328,PRD000,6,$182.29,"$1,093.74"
OI0011402,PRD000,38,$218.85,"$8,316.30"
OI0011476,PRD999,15,$139.56,"$2,093.40"
OI0011507,PRD000,21,$107.37,"$2,254.77"
OI0011519,PRD999,40,$152.55,"$6,102.00"
OI0011630,PRD9999,5,$229.07,"$1,145.35"
OI0011633,PRD000,17,$155.84,"$2,649.28"
OI0011694,PRD9999,11,$54.28,$597.08
OI0011699,PRD9999,31,$183.99,"$5,703.69"
OI0011721,PRD000,35,$162.27,"$5,679.45"
OI0011753,PRD000,31,$123.34,"$3,823.54"
OI0011796,PRD9999,11,$155.29,"$1,708.19"
OI0011847,PRD9999,13,$104.60,"$1,359.80"
OI0011855,PRD000,24,$216.23,"$5,189.52"
OI0011882,PRD9999,21,$172.37,"$3,619.77"
OI0011942,PRD9999,9,$55.64,$500.76
OI0011964,PRD999,36,$207.53,"$7,471.08"
OI0011967,PRD9999,30,$69.50,"$2,085.00"
OI0012053,PRD999,39,$119.15,"$4,646.85"
OI0012153,PRD9999,34,$122.54,"$4,166.36"
OI0012154,PRD000,37,$178.57,"$6,607.09"
OI0012229,PRD000,11,$78.88,$867.68
OI0012232,PRD000,10,$138.88,"$1,388.80"
OI0012269,PRD000,35,$114.38,"$4,003.30"
OI0012281,PRD999,7,$224.83,"$1,573.81"
OI0012286,PRD000,4,$188.21,$752.84
OI0012352,PRD999,38,$114.64,"$4,356.32"
OI0012371,PRD9999,2,$83.37,$166.74
OI0012764,PRD000,26,$181.82,"$4,727.32"
OI0012823,PRD000,9,$168.13,"$1,513.17"
OI0012841,PRD999,26,$158.80,"$4,128.80"
OI0012932,PRD000,14,$114.76,"$1,606.64"
OI0012979,PRD000,32,$34.92,"$1,117.44"
OI0012991,PRD9999,28,$146.67,"$4,106.76"
OI0013040,PRD9999,32,$127.44,"$4,078.08"
OI0013054,PRD999,1,$72.74,$72.74
OI0013124,PRD9999,18,$43.18,$777.24
OI0013144,PRD999,23,$151.94,"$3,494.62"
OI0013152,PRD999,21,$198.38,"$4,165.98"
OI0013291,PRD9999,14,$207.73,"$2,908.22"
OI0013306,PRD9999,34,$215.87,"$7,339.58"
OI0013376,PRD999,18,$68.79,"$1,238.22"
OI0013398,PRD000,29,$212.31,"$6,156.99"
OI0013521,PRD000,34,$220.05,"$7,481.70"
OI0013615,PRD999,1,$231.70,$231.70
OI0013672,PRD9999,7,$206.11,"$1,442.77"
OI0013753,PRD999,13,$173.54,"$2,256.02"
OI0013761,PRD999,36,$50.87,"$1,831.32"
OI0013868,PRD000,2,$64.76,$129.52
OI0013945,PRD999,39,$56.89,"$2,218.71"
OI0014075,PRD000,3,$103.19,$309.57
OI0014145,PRD000,29,$5.95,$172.55
OI0014204,PRD9999,19,$67.43,"$1,281.17"
OI0014206,PRD9999,38,$228.83,"$8,695.54"
OI0014256,PRD000,7,$183.30,"$1,283.10"
OI0014284,PRD999,10,$189.78,"$1,897.80"
OI0014310,PRD9999,6,$141.87,$851.22
OI0014371,PRD9999,7,$237.92,"$1,665.44"
OI0014385,PRD000,30,$146.81,"$4,404.30"
OI0014406,PRD999,11,$224.68,"$2,471.48"
OI0014488,PRD000,20,$9.08,$181.60
OI0014623,PRD9999,5,$205.41,"$1,027.05"
OI0014690,PRD000,29,$55.14,"$1,599.06"
OI0014917,PRD9999,3,$65.46,$196.38
OI0015008,PRD000,32,$100.14,"$3,204.48"
OI0015022,PRD999,22,$88.45,"$1,945.90"
OI0015050,PRD9999,33,$237.74,"$7,845.42"
OI0015141,PRD000,24,$32.43,$778.32
OI0015153,PRD000,-1,$23.70,-$23.70
OI0015193,PRD000,23,$130.67,"$3,005.41"
OI0015213,PRD000,20,$150.20,"$3,004.00"
OI0015239,PRD999,1,$87.96,$87.96
OI0015247,PRD999,5,$73.28,$366.40
OI0015319,PRD9999,12,$214.40,"$2,572.80"
OI0015352,PRD000,40,$217.98,"$8,719.20"
OI0015441,PRD9999,16,$95.83,"$1,533.28"
OI0015451,PRD999,19,$40.28,$765.32
OI0015576,PRD000,34,$200.29,"$6,809.86"
OI0015656,PRD999,39,$29.51,"$1,150.89"
OI0015672,PRD999,23,$186.78,"$4,295.94"
OI0015711,PRD9999,33,$156.00,"$5,148.00"
OI0015753,PRD999,34,$88.69,"$3,015.46"
OI0015786,PRD000,17,$209.28,"$3,557.76"
OI0015805,PRD9999,2,$16.71,$33.42
OI0015815,PRD000,28,$101.89,"$2,852.92"
OI0015817,PRD999,9,$205.72,"$1,851.48"
OI0015831,PRD000,17,$228.65,"$3,887.05"
OI0015978,PRD9999,12,$99.35,"$1,192.20"
OI0015992,PRD000,6,$145.49,$872.94
OI0016016,PRD999,32,$148.98,"$4,767.36"
OI0016056,PRD999,23,$172.70,"$3,972.10"
OI0016070,PRD000,15,$171.79,"$2,576.85"
OI0016105,PRD9999,9,$46.05,$414.45
OI0016217,PRD000,36,$116.40,"$4,190.40"
OI0016250,PRD999,12,$237.41,"$2,848.92"
OI0016260,PRD999,35,$99.23,"$3,473.05"
OI0016273,PRD9999,26,$191.55,"$4,980.30"
OI0016281,PRD999,15,$62.28,$934.20
OI0016311,PRD000,20,$48.01,$960.20
OI0016424,PRD999,32,$38.23,"$1,223.36"
OI0016498,PRD999,19,$193.56,"$3,677.64"
OI0016513,PRD000,23,$198.10,"$4,556.30"
OI0016582,PRD999,13,$188.87,"$2,455.31"
OI0016633,PRD9999,5,$80.58,$402.90
OI0016753,PRD9999,7,$166.70,"$1,166.90"
OI0016760,PRD000,30,$200.02,"$6,000.60"
OI0016776,PRD000,24,$95.94,"$2,302.56"
OI0016824,PRD9999,25,$185.30,"$4,632.50"
OI0016846,PRD000,17,$15.67,$266.39
OI0016852,PRD999,18,$34.23,$616.14
OI0016857,PRD999,11,$144.57,"$1,590.27"
OI0016864,PRD999,20,$29.99,$599.80
OI0016866,PRD9999,14,$192.94,"$2,701.16"
OI0016906,PRD9999,13,$150.60,"$1,957.80"
OI0016935,PRD999,17,$187.77,"$3,192.09"
OI0016946,PRD999,34,$33.95,"$1,154.30"
OI0017008,PRD9999,15,$109.16,"$1,637.40"
OI0017024,PRD000,16,$3.56,$56.96
OI0017072,PRD000,19,$141.62,"$2,690.78"
OI0017148,PRD9999,7,$105.44,$738.08
OI0017173,PRD000,10,$29.35,$293.50
OI0017176,PRD9999,2,$12.81,$25.62
OI0017178,PRD999,40,$194.78,"$7,791.20"
OI0017303,PRD9999,11,$111.48,"$1,226.28"
OI0017381,PRD9999,25,$179.34,"$4,483.50"
OI0017401,PRD000,10,$138.70,"$1,387.00"
OI0017474,PRD000,40,$153.43,"$6,137.20"
OI0017518,PRD999,16,$238.66,"$3,818.56"
OI0017519,PRD000,37,$151.75,"$5,614.75"
OI0017556,PRD9999,38,$185.96,"$7,066.48"
OI0017569,PRD999,9,$116.62,"$1,049.58"
OI0017585,PRD000,25,$235.32,"$5,883.00"
OI0017672,PRD9999,10,$115.81,"$1,158.10"
OI0017686,PRD999,19,$82.45,"$1,566.55"
OI0017690,PRD9999,18,$113.01,"$2,034.18"
OI0017719,PRD000,7,$148.86,"$1,042.02"
OI0017732,PRD000,9,$218.77,"$1,968.93"
OI0017759,PRD9999,3,$195.31,$585.93
OI0017760,PRD999,18,$14.49,$260.82
